"Date","NodeID","wu_lpcd","maxDailyT","DayofWeek","WN","Month"
"2021-11-24","N01",147.469,84.31076462,"Wed",47,11
"2021-11-25","N01",53.993,87.1028459600001,"Thu",47,11
"2021-11-26","N01",344.1025,87.07872434,"Fri",48,11
"2021-11-28","N01",75.202,86.16712694,"Sun",48,11
"2021-12-01","N01",255.3065,85.9904033000001,"Wed",48,12
"2021-12-02","N01",249.495,82.51754792,"Thu",48,12
"2021-12-03","N01",211.9275,82.61509118,"Fri",49,12
"2021-12-04","N01",238.1625,81.8220227,"Sat",49,12
"2021-12-05","N01",118.1125,81.38837966,"Sun",49,12
"2021-12-06","N01",176.695,82.6834773200001,"Mon",49,12
"2021-12-07","N01",155.291,80.1521258000001,"Tue",49,12
"2021-12-09","N01",319.4935,80.40499592,"Thu",49,12
"2021-12-10","N01",160.695,79.51756496,"Fri",50,12
"2021-12-21","N01",321.7225,78.27017846,"Tue",51,12
"2021-12-22","N01",129.733,77.8407764,"Wed",51,12
"2021-12-23","N01",161.2485,80.1961262600001,"Thu",51,12
"2021-12-24","N01",177.864,78.9890293400001,"Fri",52,12
"2021-12-25","N01",157.8305,76.70630678,"Sat",52,12
"2021-12-26","N01",151.433000000001,78.27547964,"Sun",52,12
"2021-12-27","N01",374.736,70.99897028,"Mon",52,12
"2021-12-28","N01",259.638,70.6093277,"Tue",52,12
"2021-12-29","N01",421.0675,69.9212240600001,"Wed",52,12
"2021-12-30","N01",389.913,70.6596895400001,"Thu",52,12
"2022-01-01","N01",183.685,72.8465003600001,"Sat",1,1
"2022-01-02","N01",132.0305,74.29680878,"Sun",1,1
"2022-01-03","N01",88.7449999999999,75.83842886,"Mon",1,1
"2022-01-04","N01",195.4015,73.959863,"Tue",1,1
"2022-01-05","N01",249.8555,70.36559726,"Wed",1,1
"2022-01-06","N01",281.2545,68.3636804600001,"Thu",1,1
"2022-01-07","N01",89.5030000000006,66.34681196,"Fri",1,1
"2022-01-08","N01",186.666499999999,66.93312956,"Sat",2,1
"2022-01-09","N01",118.6,66.98706224,"Sun",2,1
"2022-01-10","N01",187.9035,66.9032263400001,"Mon",2,1
"2022-01-11","N01",260.8165,68.04115232,"Tue",2,1
"2022-01-14","N01",188.623,71.1014311400001,"Fri",2,1
"2022-01-15","N01",173.304,71.7913423400001,"Sat",3,1
"2022-01-16","N01",103.43,72.4935349400001,"Sun",3,1
"2022-01-17","N01",164.432500000001,75.9489641600001,"Mon",3,1
"2022-01-18","N01",157.535,77.71859654,"Tue",3,1
"2022-01-20","N01",133.889500000001,80.5097460200001,"Thu",3,1
"2022-01-21","N01",92.2934999999998,78.9483684200001,"Fri",3,1
"2022-01-22","N01",197.2845,70.3431698,"Sat",4,1
"2022-01-23","N01",173.717499999999,68.6013045800001,"Sun",4,1
"2022-01-24","N01",183.018,70.785311,"Mon",4,1
"2022-01-25","N01",193.7965,71.38925006,"Tue",4,1
"2022-01-26","N01",230.742,74.5525884200001,"Wed",4,1
"2022-01-27","N01",145.898999999999,73.8957846200001,"Thu",4,1
"2022-01-31","N01",289.1315,80.32498664,"Mon",5,1
"2022-02-01","N01",229.802000000002,84.77885138,"Tue",5,2
"2022-02-02","N01",116.897499999999,80.31328682,"Wed",5,2
"2022-02-03","N01",221.389499999999,80.44916774,"Thu",5,2
"2022-02-04","N01",90.2000000000007,79.82422142,"Fri",5,2
"2022-02-05","N01",177.976500000001,77.29747106,"Sat",6,2
"2022-02-06","N01",331.518,76.05656654,"Sun",6,2
"2022-02-16","N01",176.4575,83.3084825000001,"Wed",7,2
"2022-02-17","N01",109.865,82.2959848400001,"Thu",7,2
"2022-02-18","N01",111.377500000001,82.9394364200001,"Fri",7,2
"2022-02-19","N01",49.9224999999988,86.04037598,"Sat",8,2
"2022-02-21","N01",94.2325000000001,84.09257348,"Mon",8,2
"2022-02-23","N01",152.907499999999,87.40870196,"Wed",8,2
"2022-02-24","N01",136.9275,84.98135084,"Thu",8,2
"2022-02-25","N01",320.667500000001,83.6510927000001,"Fri",8,2
"2022-02-26","N01",112.797499999999,87.30718772,"Sat",9,2
"2022-02-27","N01",169.3475,83.60615156,"Sun",9,2
"2022-02-28","N01",241.737500000001,84.73020908,"Mon",9,2
"2022-03-01","N01",127.4175,84.52155272,"Tue",9,3
"2022-03-02","N01",162.395,84.9969690800001,"Wed",9,3
"2022-03-03","N01",148.217499999999,85.23499118,"Thu",9,3
"2022-03-04","N01",184.962500000001,85.8661583000001,"Fri",9,3
"2022-03-05","N01",139.737499999999,87.6158412800001,"Sat",10,3
"2022-03-07","N01",256.019999999999,87.0028869200001,"Mon",10,3
"2022-03-08","N01",100.08,90.44321846,"Tue",10,3
"2022-03-09","N01",150.219999999999,88.93030154,"Wed",10,3
"2022-03-10","N01",85.4624999999996,90.3408501200001,"Thu",10,3
"2022-03-11","N01",257.592500000001,93.5720484800001,"Fri",10,3
"2022-03-12","N01",119.525,95.40651524,"Sat",11,3
"2022-03-13","N01",113.172500000001,94.68240008,"Sun",11,3
"2022-03-14","N01",130.759999999998,92.6130515,"Mon",11,3
"2022-03-15","N01",203.915000000001,89.4364912400001,"Tue",11,3
"2022-03-16","N01",195.91,89.9539854800001,"Wed",11,3
"2022-03-17","N01",94.7400000000016,89.7435964400001,"Thu",11,3
"2022-03-18","N01",169.414999999997,90.1078520000001,"Fri",11,3
"2022-03-19","N01",131.942500000001,91.73318576,"Sat",12,3
"2022-03-20","N01",170.025000000001,89.8315203200001,"Sun",12,3
"2022-03-21","N01",198.559999999998,86.51428214,"Mon",12,3
"2022-03-22","N01",99.5500000000029,82.8987310400001,"Tue",12,3
"2022-03-23","N01",105.914999999997,88.17101708,"Wed",12,3
"2022-03-24","N01",203.065000000002,92.204834,"Thu",12,3
"2022-03-25","N01",169.465,96.66822128,"Fri",12,3
"2022-03-26","N01",120.1875,96.4433876000001,"Sat",13,3
"2022-03-27","N01",205.369999999999,98.3846188400001,"Sun",13,3
"2022-03-28","N01",139.572499999998,91.9636716200001,"Mon",13,3
"2022-03-29","N01",188.305,90.9669929000001,"Tue",13,3
"2022-03-30","N01",202.030000000002,101.1950393,"Wed",13,3
"2022-03-31","N01",265.622499999998,98.82549374,"Thu",13,3
"2022-04-01","N01",138.424999999999,100.15752974,"Fri",13,4
"2022-04-02","N01",181.565000000002,98.47171166,"Sat",14,4
"2022-04-03","N01",242.779999999999,97.34213642,"Sun",14,4
"2022-04-04","N01",184.639999999999,91.9610805200001,"Mon",14,4
"2022-04-05","N01",240.932500000003,95.7803568800001,"Tue",14,4
"2022-04-06","N01",114.842499999999,96.0526896800001,"Wed",14,4
"2022-04-07","N01",111.485000000001,98.56267304,"Thu",14,4
"2022-04-08","N01",224.997499999998,97.25613656,"Fri",14,4
"2022-04-09","N01",122.915000000001,93.89056478,"Sat",15,4
"2022-04-10","N01",185.8325,95.3183831000001,"Sun",15,4
"2022-04-11","N01",270.200000000001,90.6363518,"Mon",15,4
"2022-04-12","N01",156.454999999998,90.13137818,"Tue",15,4
"2022-04-13","N01",133.4925,91.1286458600001,"Wed",15,4
"2022-04-14","N01",191.924999999999,94.3387565000001,"Thu",15,4
"2022-04-15","N01",165.127500000002,94.5989612600001,"Fri",15,4
"2022-04-16","N01",40.2124999999978,93.5608987400001,"Sat",16,4
"2022-04-17","N01",121.885000000002,91.45059422,"Sun",16,4
"2022-04-18","N01",193.762500000001,90.9075821000001,"Mon",16,4
"2022-04-19","N01",154.157499999998,90.0111988400001,"Tue",16,4
"2022-04-20","N01",147.147500000003,94.5802176800001,"Wed",16,4
"2022-04-21","N01",210.384999999998,94.40932046,"Thu",16,4
"2022-04-22","N01",233.41,91.97541392,"Fri",16,4
"2022-04-23","N01",112.209999999999,91.8833498600001,"Sat",17,4
"2022-04-24","N01",200.560000000001,93.82496234,"Sun",17,4
"2022-04-25","N01",225.252499999999,93.0377327,"Mon",17,4
"2022-04-26","N01",124.260000000002,93.9556160600001,"Tue",17,4
"2022-04-27","N01",190.834999999999,93.90214166,"Wed",17,4
"2022-04-28","N01",121.8825,94.14360284,"Thu",17,4
"2022-04-29","N01",191.7925,96.25059968,"Fri",17,4
"2022-04-30","N01",98.3325000000004,96.89725256,"Sat",18,4
"2022-05-01","N01",103.279999999999,98.3751018800001,"Sun",18,5
"2022-05-02","N01",327.857500000002,92.08506776,"Mon",18,5
"2022-05-03","N01",204.317500000001,92.7490429400001,"Tue",18,5
"2022-05-04","N01",86.2699999999968,91.9866682400001,"Wed",18,5
"2022-06-04","N01",280.467499999999,91.7915369000001,"Sat",23,6
"2022-06-05","N01",135.5075,91.5853733600001,"Sun",23,6
"2022-06-06","N01",284.935000000001,91.4344856600001,"Mon",23,6
"2022-06-07","N01",256.857500000002,89.2850822600001,"Tue",23,6
"2022-06-08","N01",286.582499999997,90.06118304,"Wed",23,6
"2022-06-09","N01",59.7950000000019,89.7246734000001,"Thu",23,6
"2022-06-10","N01",164.279999999999,89.36015252,"Fri",23,6
"2022-06-11","N01",110.095000000001,89.9457764000001,"Sat",24,6
"2022-06-12","N01",317.360000000001,90.45072734,"Sun",24,6
"2022-06-13","N01",142.715,91.5760362200001,"Mon",24,6
"2022-06-14","N01",171.817499999997,91.9749178400001,"Tue",24,6
"2022-06-15","N01",138.9375,92.26548878,"Wed",24,6
"2022-06-16","N01",163.112500000003,91.29517592,"Thu",24,6
"2022-06-17","N01",264.344999999998,90.16389122,"Fri",24,6
"2022-06-18","N01",158.995000000003,90.0313043,"Sat",25,6
"2022-06-19","N01",156.82,90.6173015000001,"Sun",25,6
"2022-06-20","N01",158.779999999999,87.9849825800001,"Mon",25,6
"2022-06-21","N01",82.682499999999,91.4232812,"Tue",25,6
"2022-06-22","N01",326.18,92.3181501200001,"Wed",25,6
"2022-06-23","N01",144.255000000001,99.4853181200001,"Thu",25,6
"2022-06-24","N01",198.067500000001,97.8065051,"Fri",25,6
"2022-06-25","N01",167.93,92.7226337,"Sat",26,6
"2022-06-26","N01",117.399999999998,95.89239698,"Sun",26,6
"2022-06-27","N01",195.334999999999,93.98052968,"Mon",26,6
"2022-06-28","N01",268.1875,95.68137812,"Tue",26,6
"2022-06-29","N01",248.932500000003,92.95008584,"Wed",26,6
"2022-07-16","N01",574.560000000001,87.8976123800001,"Sat",29,7
"2022-07-17","N01",313.877499999999,88.9188125000001,"Sun",29,7
"2022-07-18","N01",349.0425,88.2311284400001,"Mon",29,7
"2022-07-19","N01",156.174999999999,87.5137721000001,"Tue",29,7
"2022-07-20","N01",281.037499999999,86.89160444,"Wed",29,7
"2022-07-21","N01",301.465000000004,86.95545908,"Thu",29,7
"2022-07-22","N01",344.522499999999,86.65683764,"Fri",29,7
"2022-08-13","N01",77.8500000000058,83.4139670000001,"Sat",33,8
"2022-08-14","N01",219.76449999999,84.7773336200001,"Sun",33,8
"2022-08-15","N01",284.690500000011,86.6573673800001,"Mon",33,8
"2022-08-16","N01",178.520499999999,86.97029162,"Tue",33,8
"2022-08-17","N01",296.48599999999,85.8408404,"Wed",33,8
"2022-08-18","N01",174.982499999998,82.7181305600001,"Thu",33,8
"2022-08-19","N01",214.981,83.54336702,"Fri",33,8
"2022-08-20","N01",54.5765000000101,82.9865735600001,"Sat",34,8
"2022-08-21","N01",282.059999999998,84.0513245000001,"Sun",34,8
"2022-08-22","N01",218.327000000005,86.2346397200001,"Mon",34,8
"2022-08-23","N01",244.496999999988,84.0279952400001,"Tue",34,8
"2022-08-24","N01",294.777500000011,81.6468472400001,"Wed",34,8
"2022-08-25","N01",104.575499999992,82.41204956,"Thu",34,8
"2022-08-26","N01",156.4565,83.7601743200001,"Fri",34,8
"2022-08-27","N01",267.9565,83.89610672,"Sat",35,8
"2022-08-28","N01",187.721000000005,83.57416178,"Sun",35,8
"2022-08-29","N01",301.958499999993,83.93872154,"Mon",35,8
"2022-08-30","N01",126.683499999999,85.63274276,"Tue",35,8
"2022-08-31","N01",146.10500000001,85.8619923800001,"Wed",35,8
"2022-09-01","N01",150.847999999998,85.76345678,"Thu",35,9
"2022-09-02","N01",233.677499999991,85.46478872,"Fri",35,9
"2022-09-03","N01",119.065000000002,85.22468996,"Sat",36,9
"2022-09-05","N01",207.697,84.4942082,"Mon",36,9
"2022-09-06","N01",233.095000000001,85.89587486,"Tue",36,9
"2022-09-07","N01",437.632499999992,86.3240507600001,"Wed",36,9
"2022-09-08","N01",89.2830000000104,89.49371648,"Thu",36,9
"2022-09-09","N01",199.189999999988,96.11134394,"Fri",36,9
"2022-09-11","N01",273.887999999992,91.23334016,"Sun",37,9
"2022-09-12","N01",252.690500000012,92.3185131800001,"Mon",37,9
"2022-09-13","N01",260.663499999995,93.8147640800001,"Tue",37,9
"2022-09-15","N01",487.827999999994,87.67951664,"Thu",37,9
"2022-09-16","N01",389.628500000006,85.81111268,"Fri",37,9
"2022-09-17","N01",477.456999999995,85.3665665,"Sat",38,9
"2022-09-18","N01",341.163499999995,86.88828254,"Sun",38,9
"2022-09-19","N01",368.319500000012,86.2774862000001,"Mon",38,9
"2022-09-20","N01",130.75,85.71470954,"Tue",38,9
"2022-09-21","N01",204.349000000002,86.52486038,"Wed",38,9
"2022-09-22","N01",232.266999999993,86.70966368,"Thu",38,9
"2022-09-23","N01",140.044999999998,86.30731652,"Fri",38,9
"2022-09-24","N01",120.959499999997,85.29817478,"Sat",39,9
"2022-09-25","N01",263.812000000005,85.97590772,"Sun",39,9
"2022-09-26","N01",303.722999999998,85.55719028,"Mon",39,9
"2022-09-28","N01",232.572499999995,86.12178584,"Wed",39,9
"2022-09-29","N01",142.138500000001,86.3633395400001,"Thu",39,9
"2022-09-30","N01",125.665500000003,86.6310859400001,"Fri",39,9
"2022-10-02","N01",64.0889999999927,86.66792582,"Sun",40,10
"2022-10-03","N01",282.235000000001,87.6041601800001,"Mon",40,10
"2022-10-04","N01",113.362500000003,87.8389682,"Tue",40,10
"2022-10-05","N01",195.087,88.95105878,"Wed",40,10
"2022-10-06","N01",166.8655,89.23182908,"Thu",40,10
"2022-10-07","N01",159.673999999999,94.42658066,"Fri",40,10
"2022-10-08","N01",70.1575000000011,99.4130027600001,"Sat",41,10
"2022-10-11","N01",172.756499999989,94.8742145600001,"Tue",41,10
"2022-10-12","N01",153.774000000005,93.39242648,"Wed",41,10
"2022-10-14","N01",236.8845,92.2078952600001,"Fri",41,10
"2022-10-15","N01",138.626999999993,93.5303136800001,"Sat",42,10
"2022-10-17","N01",311.049499999994,95.19745028,"Mon",42,10
"2022-10-18","N01",119.785000000003,90.25649114,"Tue",42,10
"2022-10-19","N01",216.513999999996,88.28860046,"Wed",42,10
"2022-10-21","N01",168.801000000007,92.6585267,"Fri",42,10
"2022-10-23","N01",173.3125,93.20308124,"Sun",43,10
"2022-10-24","N01",179.716499999995,91.05333944,"Mon",43,10
"2022-10-25","N01",192.964999999997,87.1715139800001,"Tue",43,10
"2022-10-27","N01",220.621999999988,85.6877275400001,"Thu",43,10
"2022-10-28","N01",126.296500000011,86.80831106,"Fri",43,10
"2022-10-29","N01",193.038,89.17337696,"Sat",44,10
"2022-10-30","N01",282.360000000001,90.6136989800001,"Sun",44,10
"2022-10-31","N01",147.362999999998,89.7723870800001,"Mon",44,10
"2022-11-01","N01",64.1149999999907,88.7972387000001,"Tue",44,11
"2022-11-03","N01",179.945999999996,88.74844106,"Thu",44,11
"2022-11-04","N01",200.748000000007,89.14261154,"Fri",44,11
"2022-11-06","N01",123.205000000002,89.35912112,"Sun",45,11
"2022-11-08","N01",316.53300000001,84.6821361200001,"Tue",45,11
"2022-11-09","N01",167.911500000002,86.2810851200001,"Wed",45,11
"2022-11-18","N01",262.393499999991,83.88479354,"Fri",46,11
"2022-11-19","N01",61.277500000011,83.8914261800001,"Sat",47,11
"2022-11-20","N01",145.853000000003,86.7984339200001,"Sun",47,11
"2022-11-23","N01",169.2785,85.09952102,"Wed",47,11
"2022-11-24","N01",391.394500000009,83.8132554200001,"Thu",47,11
"2022-11-26","N01",418.302500000005,84.0060768200001,"Sat",48,11
"2022-11-27","N01",427.407999999996,82.17877424,"Sun",48,11
"2022-11-28","N01",540.396999999997,84.07287734,"Mon",48,11
"2022-11-30","N01",445.782999999996,85.4363663600001,"Wed",48,11
"2022-12-01","N01",472.271500000003,83.7599869400001,"Thu",48,12
"2022-12-02","N01",431.507499999992,80.6079209000001,"Fri",48,12
"2022-12-03","N01",50.9175000000105,82.22878634,"Sat",49,12
"2022-12-04","N01",136.071499999991,82.57273178,"Sun",49,12
"2022-12-05","N01",566.942999999999,81.0870533600001,"Mon",49,12
"2022-12-06","N01",320.63900000001,81.6871184600001,"Tue",49,12
"2022-12-07","N01",515.4755,83.42937626,"Wed",49,12
"2022-12-08","N01",187.879000000001,82.7001017600001,"Thu",49,12
"2022-12-09","N01",335.61099999999,82.75206146,"Fri",49,12
"2022-12-10","N01",81.448000000004,83.4942110000001,"Sat",50,12
"2022-12-11","N01",289.574500000002,82.34282174,"Sun",50,12
"2022-12-12","N01",266.724000000002,82.1087733200001,"Mon",50,12
"2022-12-13","N01",366.179499999998,81.67240418,"Tue",50,12
"2022-12-14","N01",331.813500000004,82.1437196000001,"Wed",50,12
"2022-12-15","N01",326.635999999999,80.93715206,"Thu",50,12
"2022-12-16","N01",323.943499999994,80.2832880200001,"Fri",50,12
"2022-12-17","N01",142.604000000007,82.17682664,"Sat",51,12
"2022-12-18","N01",212.356999999989,81.2843160800001,"Sun",51,12
"2022-12-19","N01",367.415000000008,80.13062768,"Mon",51,12
"2022-12-20","N01",343.777999999991,79.66804892,"Tue",51,12
"2022-12-21","N01",495.646500000003,79.1268407600001,"Wed",51,12
"2022-12-22","N01",372.051500000001,76.89533432,"Thu",51,12
"2022-12-23","N01",103.191000000006,76.2741176000001,"Fri",51,12
"2022-12-24","N01",220.710500000001,75.97523462,"Sat",52,12
"2022-12-25","N01",59.6389999999956,74.8298229800001,"Sun",52,12
"2022-12-27","N01",486.982000000004,76.2842336,"Tue",52,12
"2022-12-28","N01",46.9170000000013,77.38504268,"Wed",52,12
"2022-12-29","N01",256.009000000005,79.8740481200001,"Thu",52,12
"2022-12-30","N01",125.475999999995,78.2485845800001,"Fri",52,12
"2022-12-31","N01",316.119999999995,75.82717256,"Sat",53,12
"2023-01-01","N01",121.592499999999,77.6736478400001,"Sun",1,1
"2023-01-02","N01",212.608500000002,78.9742119200001,"Mon",1,1
"2023-01-03","N01",185.307000000001,76.75992644,"Tue",1,1
"2023-01-04","N01",219.241999999998,73.5042237800001,"Wed",1,1
"2023-01-05","N01",322.769499999995,72.11566778,"Thu",1,1
"2023-01-06","N01",313.123000000021,74.5155948200001,"Fri",1,1
"2023-01-07","N01",299.565000000002,76.79533784,"Sat",1,1
"2023-01-08","N01",261.0625,76.72773416,"Sun",2,1
"2023-01-09","N01",338.157999999996,76.4921948,"Mon",2,1
"2023-01-10","N01",428.397999999986,76.94503142,"Tue",2,1
"2023-01-11","N01",260,77.90811422,"Wed",2,1
"2023-01-12","N01",303.050000000017,73.2676112600001,"Thu",2,1
"2023-01-13","N01",245.182499999995,70.9996721,"Fri",2,1
"2023-01-14","N01",99.8549999999814,69.9646935200001,"Sat",2,1
"2023-01-15","N01",77.1735000000044,68.8444055600001,"Sun",3,1
"2023-01-16","N01",235.989499999996,71.61776204,"Mon",3,1
"2023-01-18","N01",232.285499999998,75.4947735800001,"Wed",3,1
"2023-01-19","N01",85.1140000000014,75.9116624,"Thu",3,1
"2023-01-20","N01",193.677999999985,71.72453264,"Fri",3,1
"2023-01-21","N01",56.2595000000147,71.46323942,"Sat",3,1
"2023-01-22","N01",304.166499999992,70.26354428,"Sun",4,1
"2023-01-23","N01",331.932000000001,70.66970222,"Mon",4,1
"2023-01-24","N01",161.288,68.9983914200001,"Tue",4,1
"2023-01-25","N01",97.560999999987,68.72797724,"Wed",4,1
"2023-01-26","N01",212.998500000016,71.25667304,"Thu",4,1
"2023-01-27","N01",245.45749999999,71.05761806,"Fri",4,1
"2023-01-28","N01",51.1389999999956,74.51344868,"Sat",4,1
"2023-01-29","N01",211.099500000011,73.35989546,"Sun",5,1
"2023-01-30","N01",56.1089999999967,75.73567838,"Mon",5,1
"2023-01-31","N01",295.953999999998,76.4798543600001,"Tue",5,1
"2023-02-01","N01",203.220000000001,77.5600286,"Wed",5,2
"2023-02-02","N01",153.91750000001,78.5163497,"Thu",5,2
"2023-02-03","N01",288.547999999981,78.8349088400001,"Fri",5,2
"2023-02-04","N01",100.752000000008,80.91937976,"Sat",5,2
"2023-02-05","N01",340.19200000001,78.7190691200001,"Sun",6,2
"2023-02-06","N01",97.8624999999883,85.260794,"Mon",6,2
"2023-02-07","N01",238.623500000016,82.1710918400001,"Tue",6,2
"2023-02-08","N01",266.523499999981,82.21227944,"Wed",6,2
"2023-02-09","N01",40.2615000000223,80.7868076,"Thu",6,2
"2023-02-10","N01",254.870999999985,79.4643044,"Fri",6,2
"2023-02-11","N01",46.4015000000072,85.65786662,"Sat",6,2
"2023-02-12","N01",296.883000000002,83.971112,"Sun",7,2
"2023-02-13","N01",142.733000000007,82.48385912,"Mon",7,2
"2023-02-14","N01",211.658999999985,83.4536948000001,"Tue",7,2
"2023-02-15","N01",199.583500000008,83.7851250200001,"Wed",7,2
"2023-02-16","N01",132.862499999988,86.8194813200001,"Thu",7,2
"2023-02-17","N01",279.270500000013,91.6390562,"Fri",7,2
"2023-02-18","N01",285.401500000007,89.3685981200001,"Sat",7,2
"2023-02-19","N01",428.113499999978,87.9180278000001,"Sun",8,2
"2023-02-20","N01",369.632500000007,86.1759275000001,"Mon",8,2
"2023-02-21","N01",352.605500000005,87.99525428,"Tue",8,2
"2023-02-22","N01",514.269499999995,80.3929526600001,"Wed",8,2
"2023-02-23","N01",277.929499999998,82.0925783600001,"Thu",8,2
"2023-02-24","N01",85.1014999999898,82.04817308,"Fri",8,2
"2023-02-27","N01",104.653500000015,87.6586755200001,"Mon",9,2
"2023-03-01","N01",324.39499999999,87.33755858,"Wed",9,3
"2023-03-02","N01",256.051500000001,90.03745562,"Thu",9,3
"2023-03-03","N01",397.089500000002,89.8169813600001,"Fri",9,3
"2023-03-04","N01",458.438999999984,90.4492158800001,"Sat",9,3
"2023-03-08","N01",222.5625,92.2489736,"Wed",10,3
"2023-03-09","N01",203.246999999974,92.45068394,"Thu",10,3
"2023-03-10","N01",301.970500000025,93.27316226,"Fri",10,3
"2023-03-11","N01",39.0584999999846,91.81480082,"Sat",10,3
"2023-03-12","N01",188.369500000001,89.4463971800001,"Sun",11,3
"2023-03-13","N01",257.440000000002,90.88078244,"Mon",11,3
"2023-03-14","N01",176.770500000013,87.67113674,"Tue",11,3
"2023-03-16","N01",323.540500000003,86.9643683600001,"Thu",11,3
"2023-03-17","N01",312.143499999976,87.16868474,"Fri",11,3
"2023-03-18","N01",179.069000000018,88.39458392,"Sat",11,3
"2023-03-28","N01",421.570000000007,84.3744479,"Tue",13,3
"2023-03-30","N01",171.212,83.3789260400001,"Thu",13,3
"2023-03-31","N01",281.842999999993,86.2258056800001,"Fri",13,3
"2023-04-01","N01",168.445000000007,86.34992612,"Sat",13,4
"2023-04-03","N01",234.628499999992,86.63803988,"Mon",14,4
"2023-04-04","N01",318.973999999987,86.52080732,"Tue",14,4
"2023-04-05","N01",184.142000000022,88.9638126800001,"Wed",14,4
"2023-04-06","N01",135.175499999983,89.41684676,"Thu",14,4
"2023-04-07","N01",240.537000000011,92.60845088,"Fri",14,4
"2023-04-08","N01",151.685999999987,93.6749681600001,"Sat",14,4
"2023-04-09","N01",149.156500000012,91.4132759,"Sun",15,4
"2023-04-10","N01",386.456999999995,86.77116824,"Mon",15,4
"2023-04-11","N01",202.632000000012,87.61911656,"Tue",15,4
"2023-04-13","N01",338.010500000004,94.27802,"Thu",15,4
"2023-04-14","N01",281.850999999995,92.0878592000001,"Fri",15,4
"2023-04-15","N01",194.202499999985,90.43915352,"Sat",15,4
"2023-04-16","N01",161.0625,90.2156171,"Sun",16,4
"2023-04-17","N01",304.724000000017,91.2592841,"Mon",16,4
"2023-04-18","N01",179.396999999997,94.08627536,"Tue",16,4
"2023-04-19","N01",341.043999999994,92.6223598400001,"Wed",16,4
"2023-04-20","N01",316.901500000007,93.7748145200001,"Thu",16,4
"2023-04-22","N01",116.882500000007,91.9125073400001,"Sat",16,4
"2023-04-23","N01",126.002000000008,95.91579734,"Sun",17,4
"2023-04-24","N01",375.853499999997,93.1568603,"Mon",17,4
"2023-04-25","N01",324.799499999994,91.87028366,"Tue",17,4
"2023-04-28","N01",457.020500000013,85.9639532,"Fri",17,4
"2023-04-29","N01",461.821499999991,87.62458082,"Sat",17,4
"2023-05-01","N01",563.263500000001,89.3144345,"Mon",18,5
"2023-05-03","N01",504.868000000017,91.24735316,"Wed",18,5
"2023-05-05","N01",327.901500000007,92.93906768,"Fri",18,5
"2023-05-06","N01",206.260000000009,93.3529627400001,"Sat",18,5
"2023-05-07","N01",291.237499999988,91.42145186,"Sun",19,5
"2023-05-08","N01",212.371000000014,94.9362760400001,"Mon",19,5
"2023-05-09","N01",255,93.34357736,"Tue",19,5
"2023-05-11","N01",246.444000000018,99.3774371,"Thu",19,5
"2023-05-12","N01",248.854999999981,96.59608034,"Fri",19,5
"2023-05-13","N01",307.358000000007,96.4581152,"Sat",19,5
"2023-05-14","N01",283.358500000002,92.6443666400001,"Sun",20,5
"2023-05-15","N01",542.240500000014,92.4763685,"Mon",20,5
"2023-05-16","N01",533.2255,92.42474882,"Tue",20,5
"2023-05-17","N01",471.769499999995,91.8766427000001,"Wed",20,5
"2023-05-18","N01",219.732999999978,92.4622903400001,"Thu",20,5
"2023-05-19","N01",346.219500000007,92.95126862,"Fri",20,5
"2023-05-20","N01",67.0755000000063,91.88555882,"Sat",20,5
"2023-05-21","N01",375.810499999992,92.11550072,"Sun",21,5
"2023-05-22","N01",158.994000000006,91.9296701600001,"Mon",21,5
"2023-05-23","N01",172.074499999988,92.72648876,"Tue",21,5
"2022-01-17","N02",123.423333333333,75.9489641600001,"Mon",3,1
"2022-01-18","N02",65.4483333333331,77.71859654,"Tue",3,1
"2022-01-19","N02",108.33,76.6484870000001,"Wed",3,1
"2022-01-20","N02",117.22,80.5097460200001,"Thu",3,1
"2022-01-21","N02",96.6533333333337,78.9483684200001,"Fri",3,1
"2022-01-22","N02",70.8116666666665,70.3431698,"Sat",4,1
"2022-01-23","N02",139.801666666667,68.6013045800001,"Sun",4,1
"2022-01-24","N02",123.043333333333,70.785311,"Mon",4,1
"2022-01-25","N02",148.276666666667,71.38925006,"Tue",4,1
"2022-01-26","N02",188.913333333333,74.5525884200001,"Wed",4,1
"2022-01-27","N02",99.096666666667,73.8957846200001,"Thu",4,1
"2022-01-28","N02",168.183333333333,74.815844,"Fri",4,1
"2022-01-29","N02",84.251666666667,75.99969284,"Sat",5,1
"2022-01-30","N02",120.235,76.3964450600001,"Sun",5,1
"2022-01-31","N02",252.923333333333,80.32498664,"Mon",5,1
"2022-02-01","N02",336.773333333334,84.77885138,"Tue",5,2
"2022-02-02","N02",83.2883333333333,80.31328682,"Wed",5,2
"2022-02-03","N02",83.7366666666664,80.44916774,"Thu",5,2
"2022-02-04","N02",66.9616666666667,79.82422142,"Fri",5,2
"2022-02-05","N02",131.228333333334,77.29747106,"Sat",6,2
"2022-02-06","N02",129.303333333333,76.05656654,"Sun",6,2
"2022-02-07","N02",121.734999999999,79.3959585800001,"Mon",6,2
"2022-02-08","N02",58.7366666666664,75.4421945000001,"Tue",6,2
"2022-02-09","N02",42.155,79.0020626,"Wed",6,2
"2022-02-10","N02",116.195000000001,79.07978444,"Thu",6,2
"2022-02-11","N02",113.408333333333,80.6627705,"Fri",6,2
"2022-02-12","N02",103.523333333333,80.31963146,"Sat",7,2
"2022-02-13","N02",250.026666666667,77.71938926,"Sun",7,2
"2022-02-14","N02",104.506666666667,78.6800724800001,"Mon",7,2
"2022-02-15","N02",368.418333333332,82.3842809600001,"Tue",7,2
"2022-02-16","N02",67.9566666666675,83.3084825000001,"Wed",7,2
"2022-02-17","N02",129.421666666666,82.2959848400001,"Thu",7,2
"2022-02-18","N02",80.2116666666661,82.9394364200001,"Fri",7,2
"2022-02-19","N02",144.305,86.04037598,"Sat",8,2
"2022-02-21","N02",123.25,84.09257348,"Mon",8,2
"2022-02-22","N02",194.333333333333,82.9262184800001,"Tue",8,2
"2022-02-23","N02",173.488333333333,87.40870196,"Wed",8,2
"2022-02-24","N02",83.0649999999999,84.98135084,"Thu",8,2
"2022-02-25","N02",165.72,83.6510927000001,"Fri",8,2
"2022-02-26","N02",65.0416666666667,87.30718772,"Sat",9,2
"2022-02-27","N02",152.151666666667,83.60615156,"Sun",9,2
"2022-02-28","N02",135.399999999999,84.73020908,"Mon",9,2
"2022-03-01","N02",133.698333333334,84.52155272,"Tue",9,3
"2022-03-02","N02",118.631666666667,84.9969690800001,"Wed",9,3
"2022-03-03","N02",87.7283333333338,85.23499118,"Thu",9,3
"2022-03-04","N02",177.628333333333,85.8661583000001,"Fri",9,3
"2022-03-05","N02",81.0250000000002,87.6158412800001,"Sat",10,3
"2022-03-06","N02",101.734999999999,82.8981030200001,"Sun",10,3
"2022-03-07","N02",147.053333333333,87.0028869200001,"Mon",10,3
"2022-03-08","N02",136.511666666667,90.44321846,"Tue",10,3
"2022-03-09","N02",182.925,88.93030154,"Wed",10,3
"2022-03-10","N02",114.838333333333,90.3408501200001,"Thu",10,3
"2022-04-29","N02",288.089999999999,96.25059968,"Fri",17,4
"2022-04-30","N02",171.960000000002,96.89725256,"Sat",18,4
"2022-05-01","N02",225.508333333334,98.3751018800001,"Sun",18,5
"2022-05-10","N02",248.351666666669,92.9453986400001,"Tue",19,5
"2022-05-11","N02",254.428333333332,94.4710345400001,"Wed",19,5
"2022-05-14","N02",429.065,99.18401684,"Sat",20,5
"2022-05-16","N02",244.195,101.61120506,"Mon",20,5
"2022-05-17","N02",483.191666666666,99.45173444,"Tue",20,5
"2022-05-18","N02",243.144999999999,95.26266302,"Wed",20,5
"2022-05-19","N02",321.286666666667,92.5322981,"Thu",20,5
"2022-05-20","N02",199.086666666667,91.3337742200001,"Fri",20,5
"2022-05-21","N02",70.6383333333336,91.67196704,"Sat",21,5
"2022-05-22","N02",143.306666666666,92.32087208,"Sun",21,5
"2022-05-24","N02",342.730000000001,94.46837504,"Tue",21,5
"2022-05-25","N02",169.596666666667,91.7934152,"Wed",21,5
"2022-05-26","N02",276.365,90.79567952,"Thu",21,5
"2022-05-27","N02",220.995,91.42951424,"Fri",21,5
"2022-05-28","N02",178.636666666665,90.8067605000001,"Sat",22,5
"2022-05-29","N02",263.019999999999,91.59750266,"Sun",22,5
"2022-05-30","N02",181.395000000002,90.88477088,"Mon",22,5
"2022-05-31","N02",262.516666666665,91.0208460200001,"Tue",22,5
"2022-06-01","N02",532.573333333334,92.47202564,"Wed",22,6
"2022-06-02","N02",243.548333333335,94.37866412,"Thu",22,6
"2022-06-03","N02",537.916666666667,93.2522349200001,"Fri",22,6
"2022-06-04","N02",194.946666666665,91.7915369000001,"Sat",23,6
"2022-06-05","N02",262.566666666666,91.5853733600001,"Sun",23,6
"2022-06-06","N02",156.301666666666,91.4344856600001,"Mon",23,6
"2022-06-07","N02",275.995,89.2850822600001,"Tue",23,6
"2022-06-08","N02",192.110000000001,90.06118304,"Wed",23,6
"2022-06-09","N02",440.838333333333,89.7246734000001,"Thu",23,6
"2022-06-10","N02",214.830000000002,89.36015252,"Fri",23,6
"2022-06-11","N02",189.071666666665,89.9457764000001,"Sat",24,6
"2022-06-12","N02",280.105000000001,90.45072734,"Sun",24,6
"2022-06-13","N02",226.263333333331,91.5760362200001,"Mon",24,6
"2022-06-14","N02",214.266666666668,91.9749178400001,"Tue",24,6
"2022-06-15","N02",306.769999999999,92.26548878,"Wed",24,6
"2022-06-16","N02",210.215000000001,91.29517592,"Thu",24,6
"2022-06-17","N02",175.746666666668,90.16389122,"Fri",24,6
"2022-06-18","N02",505.149999999999,90.0313043,"Sat",25,6
"2022-06-19","N02",381.26,90.6173015000001,"Sun",25,6
"2022-06-20","N02",202.176666666666,87.9849825800001,"Mon",25,6
"2022-06-21","N02",199.188333333334,91.4232812,"Tue",25,6
"2022-06-22","N02",210.503333333332,92.3181501200001,"Wed",25,6
"2022-06-24","N02",298.40833333333,97.8065051,"Fri",25,6
"2022-06-25","N02",260.203333333334,92.7226337,"Sat",26,6
"2022-06-26","N02",283.425000000003,95.89239698,"Sun",26,6
"2022-06-27","N02",267.929999999998,93.98052968,"Mon",26,6
"2022-06-28","N02",32.4133333333351,95.68137812,"Tue",26,6
"2022-07-02","N02",132.040000000003,90.4133442200001,"Sat",27,7
"2022-07-03","N02",428.995,90.74852186,"Sun",27,7
"2022-07-04","N02",206.719999999996,92.06407076,"Mon",27,7
"2022-07-05","N02",195.258333333336,90.9683339000001,"Tue",27,7
"2022-07-06","N02",273.111666666664,89.01328892,"Wed",27,7
"2022-07-07","N02",249.618333333337,91.9351743800001,"Thu",27,7
"2022-07-08","N02",224.166666666667,89.59296596,"Fri",27,7
"2022-07-09","N02",114.906666666662,83.71453748,"Sat",28,7
"2022-07-10","N02",347.178333333334,85.84168172,"Sun",28,7
"2022-07-11","N02",191.84166666667,83.5068318800001,"Mon",28,7
"2022-07-12","N02",286.888333333331,86.94525182,"Tue",28,7
"2022-07-13","N02",116.118333333332,89.1701956400001,"Wed",28,7
"2022-07-14","N02",210.793333333335,93.3689373800001,"Thu",28,7
"2022-07-15","N02",176.066666666666,91.22114156,"Fri",28,7
"2022-07-16","N02",251.166666666667,87.8976123800001,"Sat",29,7
"2022-07-17","N02",223.180000000003,88.9188125000001,"Sun",29,7
"2022-07-19","N02",222.603333333333,87.5137721000001,"Tue",29,7
"2022-07-20","N02",161.181666666666,86.89160444,"Wed",29,7
"2022-07-21","N02",200.386666666668,86.95545908,"Thu",29,7
"2022-07-22","N02",252.073333333334,86.65683764,"Fri",29,7
"2022-07-23","N02",182.101666666664,87.1453616000001,"Sat",30,7
"2022-07-24","N02",106.705000000002,82.8530927600001,"Sun",30,7
"2022-07-25","N02",335.206666666665,82.92430616,"Mon",30,7
"2022-07-26","N02",118.436666666666,84.14514122,"Tue",30,7
"2022-07-27","N02",140.573333333334,83.89636916,"Wed",30,7
"2022-07-28","N02",159.896666666667,83.58326744,"Thu",30,7
"2022-07-29","N02",162.704999999997,85.5705959600001,"Fri",30,7
"2022-07-30","N02",114.889999999999,84.9090236,"Sat",31,7
"2022-07-31","N02",148.261666666668,85.884647,"Sun",31,7
"2022-08-01","N02",271.745,85.09025786,"Mon",31,8
"2022-08-03","N02",158.333333333333,87.04027958,"Wed",31,8
"2022-08-04","N02",170.42833333333,88.51842662,"Thu",31,8
"2022-08-05","N02",158.626666666668,88.93586624,"Fri",31,8
"2022-08-06","N02",177.000666666669,86.6629664600001,"Sat",32,8
"2022-08-07","N02",216.825999999996,89.8789937000001,"Sun",32,8
"2022-08-08","N02",219.334666666667,92.02560404,"Mon",32,8
"2022-08-09","N02",260.477000000004,93.97469264,"Tue",32,8
"2022-08-10","N02",211.142999999996,94.5016246400001,"Wed",32,8
"2022-08-11","N02",377.920333333333,95.65689344,"Thu",32,8
"2022-08-12","N02",223.15866666667,88.0247777,"Fri",32,8
"2022-08-13","N02",119.696666666666,83.4139670000001,"Sat",33,8
"2022-08-14","N02",146.936000000002,84.7773336200001,"Sun",33,8
"2022-08-15","N02",346.286333333332,86.6573673800001,"Mon",33,8
"2022-08-16","N02",148.112333333333,86.97029162,"Tue",33,8
"2022-08-17","N02",490.190333333332,85.8408404,"Wed",33,8
"2022-08-18","N02",231.714000000002,82.7181305600001,"Thu",33,8
"2022-08-19","N02",162.985000000001,83.54336702,"Fri",33,8
"2022-08-20","N02",255.381666666663,82.9865735600001,"Sat",34,8
"2022-08-21","N02",254.793333333335,84.0513245000001,"Sun",34,8
"2022-08-22","N02",370.477666666668,86.2346397200001,"Mon",34,8
"2022-08-23","N02",193.937999999999,84.0279952400001,"Tue",34,8
"2022-08-24","N02",233.810666666667,81.6468472400001,"Wed",34,8
"2022-08-25","N02",226.460333333331,82.41204956,"Thu",34,8
"2022-08-26","N02",233.347333333334,83.7601743200001,"Fri",34,8
"2022-08-27","N02",515.192666666665,83.89610672,"Sat",35,8
"2022-01-27","N03",223.237222222222,73.8957846200001,"Thu",4,1
"2022-01-28","N03",200.227222222223,74.815844,"Fri",4,1
"2022-01-29","N03",368.864444444444,75.99969284,"Sat",5,1
"2022-01-30","N03",212.991666666667,76.3964450600001,"Sun",5,1
"2022-01-31","N03",197.902222222222,80.32498664,"Mon",5,1
"2022-02-01","N03",159.077777777777,84.77885138,"Tue",5,2
"2022-02-02","N03",310.267777777778,80.31328682,"Wed",5,2
"2022-02-03","N03",283.578333333334,80.44916774,"Thu",5,2
"2022-02-04","N03",168.107777777778,79.82422142,"Fri",5,2
"2022-02-05","N03",187.003888888889,77.29747106,"Sat",6,2
"2022-02-06","N03",210.415,76.05656654,"Sun",6,2
"2022-02-07","N03",303.042222222221,79.3959585800001,"Mon",6,2
"2022-02-08","N03",207.051111111112,75.4421945000001,"Tue",6,2
"2022-02-09","N03",320.925555555556,79.0020626,"Wed",6,2
"2022-02-10","N03",295.006666666668,79.07978444,"Thu",6,2
"2022-02-11","N03",291.865555555555,80.6627705,"Fri",6,2
"2022-02-12","N03",202.676666666666,80.31963146,"Sat",7,2
"2022-02-13","N03",220.327777777779,77.71938926,"Sun",7,2
"2022-02-14","N03",188.217222222222,78.6800724800001,"Mon",7,2
"2022-02-15","N03",185.256666666666,82.3842809600001,"Tue",7,2
"2022-02-16","N03",406.427222222222,83.3084825000001,"Wed",7,2
"2022-02-17","N03",198.96,82.2959848400001,"Thu",7,2
"2022-02-18","N03",274.751666666667,82.9394364200001,"Fri",7,2
"2022-02-19","N03",203.477777777776,86.04037598,"Sat",8,2
"2022-02-20","N03",226.911111111112,86.38192868,"Sun",8,2
"2022-02-21","N03",355.989444444444,84.09257348,"Mon",8,2
"2022-02-22","N03",293.486111111111,82.9262184800001,"Tue",8,2
"2022-02-23","N03",251.937222222222,87.40870196,"Wed",8,2
"2022-03-05","N03",288.376111111112,87.6158412800001,"Sat",10,3
"2022-03-06","N03",290.829444444444,82.8981030200001,"Sun",10,3
"2022-03-07","N03",176.145000000001,87.0028869200001,"Mon",10,3
"2022-03-08","N03",214.16722222222,90.44321846,"Tue",10,3
"2022-03-09","N03",258.340555555556,88.93030154,"Wed",10,3
"2022-03-10","N03",256.566111111111,90.3408501200001,"Thu",10,3
"2022-03-11","N03",410.949444444446,93.5720484800001,"Fri",10,3
"2022-03-12","N03",223.612222222223,95.40651524,"Sat",11,3
"2022-03-13","N03",285.816111111111,94.68240008,"Sun",11,3
"2022-03-14","N03",258.511111111109,92.6130515,"Mon",11,3
"2022-03-15","N03",362.146666666668,89.4364912400001,"Tue",11,3
"2022-03-24","N03",387.218333333333,92.204834,"Thu",12,3
"2022-03-25","N03",404.658888888891,96.66822128,"Fri",12,3
"2022-04-12","N03",268.368888888886,90.13137818,"Tue",15,4
"2022-04-13","N03",389.488888888891,91.1286458600001,"Wed",15,4
"2022-04-23","N03",399.756666666666,91.8833498600001,"Sat",17,4
"2022-04-24","N03",302.281111111111,93.82496234,"Sun",17,4
"2022-04-25","N03",250.779999999999,93.0377327,"Mon",17,4
"2022-04-26","N03",309.871666666667,93.9556160600001,"Tue",17,4
"2022-04-27","N03",392.264444444445,93.90214166,"Wed",17,4
"2022-04-28","N03",307.678888888891,94.14360284,"Thu",17,4
"2022-04-30","N03",498.640555555554,96.89725256,"Sat",18,4
"2022-05-01","N03",347.507777777779,98.3751018800001,"Sun",18,5
"2022-05-02","N03",447.251111111112,92.08506776,"Mon",18,5
"2022-05-03","N03",342.054999999999,92.7490429400001,"Tue",18,5
"2022-05-04","N03",305.979444444445,91.9866682400001,"Wed",18,5
"2022-05-05","N03",485.392777777778,92.49639548,"Thu",18,5
"2022-05-06","N03",527.824444444443,92.7299834600001,"Fri",18,5
"2022-05-07","N03",459.820000000001,90.62636144,"Sat",19,5
"2022-05-09","N03",498.804999999999,91.1086077200001,"Mon",19,5
"2022-05-11","N03",409.751111111106,94.4710345400001,"Wed",19,5
"2022-05-12","N03",526.125,95.0268588800001,"Thu",19,5
"2022-05-13","N03",378.075555555555,99.85818668,"Fri",19,5
"2022-05-14","N03",408.656111111114,99.18401684,"Sat",20,5
"2022-05-15","N03",244.253333333336,93.0225227,"Sun",20,5
"2022-05-16","N03",294.603888888889,101.61120506,"Mon",20,5
"2022-05-17","N03",293.257222222222,99.45173444,"Tue",20,5
"2022-05-18","N03",456.745555555551,95.26266302,"Wed",20,5
"2022-05-19","N03",140.048888888889,92.5322981,"Thu",20,5
"2022-05-20","N03",70.4216666666649,91.3337742200001,"Fri",20,5
"2022-05-21","N03",103.818888888888,91.67196704,"Sat",21,5
"2022-05-22","N03",46.8155555555584,92.32087208,"Sun",21,5
"2022-05-23","N03",57.4255555555574,100.56028046,"Mon",21,5
"2022-05-24","N03",90.7799999999956,94.46837504,"Tue",21,5
"2022-05-25","N03",92.7472222222261,91.7934152,"Wed",21,5
"2022-05-26","N03",64.2666666666628,90.79567952,"Thu",21,5
"2022-05-27","N03",47.6283333333364,91.42951424,"Fri",21,5
"2022-06-08","N03",142.504999999998,90.06118304,"Wed",23,6
"2022-06-09","N03",99.6555555555581,89.7246734000001,"Thu",23,6
"2022-06-10","N03",93.0427777777788,89.36015252,"Fri",23,6
"2022-06-11","N03",96.9538888888847,89.9457764000001,"Sat",24,6
"2022-06-12","N03",77.2788888888899,90.45072734,"Sun",24,6
"2022-06-13","N03",79.2600000000028,91.5760362200001,"Mon",24,6
"2022-06-14","N03",105.63444444444,91.9749178400001,"Tue",24,6
"2022-06-15","N03",130.848333333334,92.26548878,"Wed",24,6
"2022-06-16","N03",47.1033333333326,91.29517592,"Thu",24,6
"2022-06-17","N03",79.3172222222266,90.16389122,"Fri",24,6
"2022-06-18","N03",49.2705555555553,90.0313043,"Sat",25,6
"2022-06-19","N03",51.3983333333292,90.6173015000001,"Sun",25,6
"2022-06-20","N03",37.7850000000003,87.9849825800001,"Mon",25,6
"2022-06-21","N03",38.904444444446,91.4232812,"Tue",25,6
"2022-06-22","N03",51.3944444444432,92.3181501200001,"Wed",25,6
"2022-06-24","N03",67.621111111114,97.8065051,"Fri",25,6
"2022-06-25","N03",52.2344444444429,92.7226337,"Sat",26,6
"2022-06-26","N03",72.37166666667,95.89239698,"Sun",26,6
"2022-06-27","N03",43.0899999999997,93.98052968,"Mon",26,6
"2022-06-28","N03",56.1033333333326,95.68137812,"Tue",26,6
"2022-06-29","N03",59.8577777777747,92.95008584,"Wed",26,6
"2022-06-30","N03",65.4872222222233,91.6417695200001,"Thu",26,6
"2022-07-01","N03",58.6711111111088,92.10062696,"Fri",26,7
"2022-07-02","N03",60.213333333338,90.4133442200001,"Sat",27,7
"2022-07-20","N03",91.4527777777791,86.89160444,"Wed",29,7
"2022-07-21","N03",49.8633333333289,86.95545908,"Thu",29,7
"2022-09-07","N03",93.0735555555568,86.3240507600001,"Wed",36,9
"2022-09-08","N03",64.5202222222191,89.49371648,"Thu",36,9
"2022-09-09","N03",55.7127777777819,96.11134394,"Fri",36,9
"2022-09-10","N03",101.576999999997,97.8378713600001,"Sat",37,9
"2022-09-11","N03",45.4476666666645,91.23334016,"Sun",37,9
"2022-09-12","N03",56.6660000000007,92.3185131800001,"Mon",37,9
"2022-09-13","N03",64.7551111111146,93.8147640800001,"Tue",37,9
"2022-09-14","N03",94.1251111111099,94.2160199,"Wed",37,9
"2022-09-15","N03",57.6881111111078,87.67951664,"Thu",37,9
"2022-09-16","N03",63.9573333333376,85.81111268,"Fri",37,9
"2022-09-17","N03",123.964666666664,85.3665665,"Sat",38,9
"2022-09-18","N03",52.0127777777767,86.88828254,"Sun",38,9
"2022-09-19","N03",50.4611111111137,86.2774862000001,"Mon",38,9
"2022-09-20","N03",54.1036666666688,85.71470954,"Tue",38,9
"2022-09-21","N03",81.1087777777769,86.52486038,"Wed",38,9
"2022-09-22","N03",49.4016666666656,86.70966368,"Thu",38,9
"2022-09-23","N03",67.5088888888907,86.30731652,"Fri",38,9
"2022-09-24","N03",70.2202222222178,85.29817478,"Sat",39,9
"2022-09-25","N03",46.2521111111144,85.97590772,"Sun",39,9
"2022-09-26","N03",46.3875555555569,85.55719028,"Mon",39,9
"2022-09-27","N03",50.1329999999984,86.7245788400001,"Tue",39,9
"2022-09-28","N03",72.0875555555556,86.12178584,"Wed",39,9
"2022-09-29","N03",49.3737777777779,86.3633395400001,"Thu",39,9
"2022-09-30","N03",72.4654444444459,86.6310859400001,"Fri",39,9
"2022-10-01","N03",99.890111111111,86.8317918800001,"Sat",40,10
"2022-10-02","N03",40.6103333333287,86.66792582,"Sun",40,10
"2022-10-03","N03",43.5417777777831,87.6041601800001,"Mon",40,10
"2022-10-04","N03",52.9539999999947,87.8389682,"Tue",40,10
"2022-10-05","N03",80.02877777778,88.95105878,"Wed",40,10
"2022-10-06","N03",56.0866666666698,89.23182908,"Thu",40,10
"2022-10-07","N03",54.5715555555524,94.42658066,"Fri",40,10
"2022-10-08","N03",101.795222222223,99.4130027600001,"Sat",41,10
"2022-10-09","N03",77.2988888888892,96.2790657800001,"Sun",41,10
"2022-10-10","N03",57.1987777777766,94.93516472,"Mon",41,10
"2022-10-11","N03",63.1533333333339,94.8742145600001,"Tue",41,10
"2022-10-12","N03",91.8585555555571,93.39242648,"Wed",41,10
"2022-10-13","N03",54.4973333333296,91.6458548,"Thu",41,10
"2022-10-14","N03",52.6294444444486,92.2078952600001,"Fri",41,10
"2022-10-15","N03",95.7923333333327,93.5303136800001,"Sat",42,10
"2022-10-16","N03",76.2595555555567,93.79859432,"Sun",42,10
"2022-10-17","N03",62.0973333333321,95.19745028,"Mon",42,10
"2022-10-18","N03",69.8126666666681,90.25649114,"Tue",42,10
"2022-10-19","N03",102.838222222222,88.28860046,"Wed",42,10
"2022-10-20","N03",62.1089999999968,87.98834606,"Thu",42,10
"2022-10-21","N03",48.8103333333339,92.6585267,"Fri",42,10
"2022-10-22","N03",84.3158888888882,94.8312498200001,"Sat",43,10
"2022-10-23","N03",62.2623333333371,93.20308124,"Sun",43,10
"2022-10-24","N03",66.9068888888901,91.05333944,"Mon",43,10
"2022-10-25","N03",44.3101111111076,87.1715139800001,"Tue",43,10
"2022-10-26","N03",72.3381111111117,88.34505422,"Wed",43,10
"2022-10-27","N03",55.0434444444448,85.6877275400001,"Thu",43,10
"2022-10-28","N03",64.1844444444416,86.80831106,"Fri",43,10
"2022-10-29","N03",81.5526666666717,89.17337696,"Sat",44,10
"2022-10-30","N03",42.4622222222194,90.6136989800001,"Sun",44,10
"2022-10-31","N03",38.3971111111136,89.7723870800001,"Mon",44,10
"2022-11-01","N03",56.6981111111106,88.7972387000001,"Tue",44,11
"2022-11-02","N03",64.9264444444432,89.3965483400001,"Wed",44,11
"2022-11-03","N03",50.3012222222234,88.74844106,"Thu",44,11
"2022-11-04","N03",42.7291111111085,89.14261154,"Fri",44,11
"2022-11-05","N03",56.1686666666646,91.1016203000001,"Sat",45,11
"2022-11-06","N03",32.5546666666697,89.35912112,"Sun",45,11
"2022-11-07","N03",37.6133333333354,84.7607806400001,"Mon",45,11
"2022-11-08","N03",52.797777777777,84.6821361200001,"Tue",45,11
"2022-11-09","N03",91.2835555555519,86.2810851200001,"Wed",45,11
"2022-11-10","N03",37.2723333333334,87.48159962,"Thu",45,11
"2022-11-11","N03",81.9343333333382,89.6888598800001,"Fri",45,11
"2022-11-12","N03",74.2066666666651,88.3182646400001,"Sat",46,11
"2022-11-13","N03",40.795777777779,86.5487609600001,"Sun",46,11
"2022-11-14","N03",49.8287777777748,86.17259354,"Mon",46,11
"2022-11-20","N03",30.9733333333344,86.7984339200001,"Sun",47,11
"2022-11-21","N03",30.4017777777756,86.74300364,"Mon",47,11
"2022-11-23","N03",35.8269999999967,85.09952102,"Wed",47,11
"2022-11-24","N03",65.5466666666713,83.8132554200001,"Thu",47,11
"2022-11-25","N03",61.3289999999947,82.8159850400001,"Fri",47,11
"2022-12-20","N03",426.547888888887,79.66804892,"Tue",51,12
"2022-12-21","N03",379.174444444445,79.1268407600001,"Wed",51,12
"2022-12-22","N03",298.185222222218,76.89533432,"Thu",51,12
"2022-12-23","N03",399.096555555556,76.2741176000001,"Fri",51,12
"2022-12-24","N03",499.860555555555,75.97523462,"Sat",52,12
"2022-12-25","N03",487.915666666671,74.8298229800001,"Sun",52,12
"2022-12-26","N03",424.690555555552,75.5420840600001,"Mon",52,12
"2022-12-27","N03",376.508888888891,76.2842336,"Tue",52,12
"2022-12-28","N03",399.105666666667,77.38504268,"Wed",52,12
"2022-12-29","N03",357.670111111113,79.8740481200001,"Thu",52,12
"2022-12-30","N03",361.234333333333,78.2485845800001,"Fri",52,12
"2022-12-31","N03",276.911555555552,75.82717256,"Sat",53,12
"2023-01-01","N03",213.324888888889,77.6736478400001,"Sun",1,1
"2023-01-02","N03",240.075777777781,78.9742119200001,"Mon",1,1
"2023-01-03","N03",320.978444444443,76.75992644,"Tue",1,1
"2023-01-04","N03",410.511555555555,73.5042237800001,"Wed",1,1
"2023-01-05","N03",253.634444444447,72.11566778,"Thu",1,1
"2023-01-06","N03",383.56377777778,74.5155948200001,"Fri",1,1
"2023-01-07","N03",345.010999999999,76.79533784,"Sat",1,1
"2023-01-08","N03",289.447444444445,76.72773416,"Sun",2,1
"2023-01-09","N03",254.635555555552,76.4921948,"Mon",2,1
"2023-01-10","N03",231.321222222223,76.94503142,"Tue",2,1
"2023-01-11","N03",322.062333333332,77.90811422,"Wed",2,1
"2023-01-12","N03",255.145333333335,73.2676112600001,"Thu",2,1
"2023-01-13","N03",275.179333333333,70.9996721,"Fri",2,1
"2023-01-14","N03",362.294000000001,69.9646935200001,"Sat",2,1
"2023-01-15","N03",192.40388888889,68.8444055600001,"Sun",3,1
"2023-01-16","N03",322.304444444443,71.61776204,"Mon",3,1
"2023-01-17","N03",236.737333333333,73.5557313200001,"Tue",3,1
"2023-01-18","N03",382.072222222225,75.4947735800001,"Wed",3,1
"2023-01-19","N03",263.75955555555,75.9116624,"Thu",3,1
"2023-01-20","N03",261.382333333332,71.72453264,"Fri",3,1
"2023-01-21","N03",401.462111111116,71.46323942,"Sat",3,1
"2023-01-22","N03",291.143333333331,70.26354428,"Sun",4,1
"2023-01-23","N03",195.918555555555,70.66970222,"Mon",4,1
"2023-01-24","N03",293.853555555559,68.9983914200001,"Tue",4,1
"2023-01-25","N03",497.212,68.72797724,"Wed",4,1
"2023-01-26","N03",294.419333333331,71.25667304,"Thu",4,1
"2023-01-27","N03",278.816666666671,71.05761806,"Fri",4,1
"2023-01-28","N03",408.84033333333,74.51344868,"Sat",4,1
"2023-01-29","N03",235.345111111114,73.35989546,"Sun",5,1
"2023-01-30","N03",256.656111111108,75.73567838,"Mon",5,1
"2023-01-31","N03",326.431000000002,76.4798543600001,"Tue",5,1
"2023-02-01","N03",356.306999999997,77.5600286,"Wed",5,2
"2023-02-02","N03",302.501000000002,78.5163497,"Thu",5,2
"2023-02-03","N03",319.951444444447,78.8349088400001,"Fri",5,2
"2023-02-04","N03",464.273333333329,80.91937976,"Sat",5,2
"2023-02-05","N03",405.178333333338,78.7190691200001,"Sun",6,2
"2023-02-06","N03",325.412888888884,85.260794,"Mon",6,2
"2023-02-07","N03",333.37455555556,82.1710918400001,"Tue",6,2
"2023-02-08","N03",470.690666666662,82.21227944,"Wed",6,2
"2023-02-09","N03",292.490111111114,80.7868076,"Thu",6,2
"2023-02-10","N03",344.78188888889,79.4643044,"Fri",6,2
"2022-02-09","N04",329.44375,79.0020626,"Wed",6,2
"2022-02-10","N04",220.62,79.07978444,"Thu",6,2
"2022-02-11","N04",272.5875,80.6627705,"Fri",6,2
"2022-02-12","N04",274.67,80.31963146,"Sat",7,2
"2022-02-13","N04",367.04,77.71938926,"Sun",7,2
"2022-02-14","N04",209.5225,78.6800724800001,"Mon",7,2
"2022-02-15","N04",271.385,82.3842809600001,"Tue",7,2
"2022-02-16","N04",199.56,83.3084825000001,"Wed",7,2
"2022-02-17","N04",231.66875,82.2959848400001,"Thu",7,2
"2022-02-18","N04",252.0875,82.9394364200001,"Fri",7,2
"2022-02-19","N04",309.795,86.04037598,"Sat",8,2
"2022-02-20","N04",121.44125,86.38192868,"Sun",8,2
"2022-02-21","N04",257.96125,84.09257348,"Mon",8,2
"2022-02-22","N04",385.245,82.9262184800001,"Tue",8,2
"2022-02-23","N04",329.675,87.40870196,"Wed",8,2
"2022-02-24","N04",265.10875,84.98135084,"Thu",8,2
"2022-02-25","N04",260.49625,83.6510927000001,"Fri",8,2
"2022-02-26","N04",173.849999999999,87.30718772,"Sat",9,2
"2022-02-27","N04",368.288750000001,83.60615156,"Sun",9,2
"2022-02-28","N04",233.322499999999,84.73020908,"Mon",9,2
"2022-03-01","N04",274.35,84.52155272,"Tue",9,3
"2022-03-02","N04",365.7825,84.9969690800001,"Wed",9,3
"2022-03-03","N04",283.79,85.23499118,"Thu",9,3
"2022-03-04","N04",240.969999999999,85.8661583000001,"Fri",9,3
"2022-03-05","N04",268.896250000001,87.6158412800001,"Sat",10,3
"2022-03-06","N04",163.5125,82.8981030200001,"Sun",10,3
"2022-03-07","N04",234.296249999999,87.0028869200001,"Mon",10,3
"2022-03-08","N04",275.03625,90.44321846,"Tue",10,3
"2022-03-09","N04",235.012500000001,88.93030154,"Wed",10,3
"2022-03-10","N04",301.33,90.3408501200001,"Thu",10,3
"2022-03-11","N04",196.817499999999,93.5720484800001,"Fri",10,3
"2022-03-12","N04",225.387500000001,95.40651524,"Sat",11,3
"2022-03-13","N04",489.035,94.68240008,"Sun",11,3
"2022-03-14","N04",271.82,92.6130515,"Mon",11,3
"2022-03-15","N04",319.565000000001,89.4364912400001,"Tue",11,3
"2022-03-16","N04",513.87125,89.9539854800001,"Wed",11,3
"2022-03-17","N04",413.79875,89.7435964400001,"Thu",11,3
"2022-03-18","N04",514.184999999999,90.1078520000001,"Fri",11,3
"2022-03-19","N04",495.873750000001,91.73318576,"Sat",12,3
"2022-03-20","N04",263.443749999999,89.8315203200001,"Sun",12,3
"2022-03-21","N04",456.651250000001,86.51428214,"Mon",12,3
"2022-03-22","N04",325.605,82.8987310400001,"Tue",12,3
"2022-03-23","N04",198.815,88.17101708,"Wed",12,3
"2022-03-24","N04",348.362499999999,92.204834,"Thu",12,3
"2022-03-25","N04",329.118750000002,96.66822128,"Fri",12,3
"2022-03-26","N04",390.891249999999,96.4433876000001,"Sat",13,3
"2022-03-27","N04",289.300000000001,98.3846188400001,"Sun",13,3
"2022-03-28","N04",280.105,91.9636716200001,"Mon",13,3
"2022-03-29","N04",408.42625,90.9669929000001,"Tue",13,3
"2022-03-30","N04",350.019999999999,101.1950393,"Wed",13,3
"2022-03-31","N04",420.487500000001,98.82549374,"Thu",13,3
"2022-04-01","N04",522.805,100.15752974,"Fri",13,4
"2022-04-02","N04",522.813750000001,98.47171166,"Sat",14,4
"2022-04-03","N04",222.446249999997,97.34213642,"Sun",14,4
"2022-04-04","N04",400.912500000002,91.9610805200001,"Mon",14,4
"2022-04-05","N04",357.627499999999,95.7803568800001,"Tue",14,4
"2022-04-06","N04",310.94875,96.0526896800001,"Wed",14,4
"2022-04-07","N04",338.233749999999,98.56267304,"Thu",14,4
"2022-04-08","N04",391.487500000003,97.25613656,"Fri",14,4
"2022-04-09","N04",207.748749999999,93.89056478,"Sat",15,4
"2022-04-10","N04",455.271249999998,95.3183831000001,"Sun",15,4
"2022-04-11","N04",202.75,90.6363518,"Mon",15,4
"2022-04-12","N04",385.100000000002,90.13137818,"Tue",15,4
"2022-04-13","N04",204.756249999999,91.1286458600001,"Wed",15,4
"2022-04-14","N04",259.172500000001,94.3387565000001,"Thu",15,4
"2022-04-15","N04",317.418750000001,94.5989612600001,"Fri",15,4
"2022-04-16","N04",340.341249999998,93.5608987400001,"Sat",16,4
"2022-04-17","N04",157.5,91.45059422,"Sun",16,4
"2022-04-18","N04",330.030000000002,90.9075821000001,"Mon",16,4
"2022-04-19","N04",362.012500000001,90.0111988400001,"Tue",16,4
"2022-04-20","N04",354.411249999997,94.5802176800001,"Wed",16,4
"2022-04-21","N04",357.900000000001,94.40932046,"Thu",16,4
"2022-04-22","N04",296.72625,91.97541392,"Fri",16,4
"2022-04-23","N04",428.391250000001,91.8833498600001,"Sat",17,4
"2022-04-24","N04",416.5625,93.82496234,"Sun",17,4
"2022-04-25","N04",334.193749999999,93.0377327,"Mon",17,4
"2022-04-26","N04",250.0275,93.9556160600001,"Tue",17,4
"2022-04-27","N04",255.768749999999,93.90214166,"Wed",17,4
"2022-04-28","N04",308.91375,94.14360284,"Thu",17,4
"2022-04-29","N04",401.127500000002,96.25059968,"Fri",17,4
"2022-04-30","N04",328.96125,96.89725256,"Sat",18,4
"2022-05-01","N04",410.939999999999,98.3751018800001,"Sun",18,5
"2022-05-02","N04",410.41,92.08506776,"Mon",18,5
"2022-05-03","N04",463.494999999999,92.7490429400001,"Tue",18,5
"2022-05-04","N04",142.986250000002,91.9866682400001,"Wed",18,5
"2022-05-05","N04",394.321250000001,92.49639548,"Thu",18,5
"2022-05-06","N04",197.657499999998,92.7299834600001,"Fri",18,5
"2022-05-07","N04",296.467500000002,90.62636144,"Sat",19,5
"2022-05-08","N04",326.954999999998,89.9712510800001,"Sun",19,5
"2022-05-09","N04",423.326250000002,91.1086077200001,"Mon",19,5
"2022-05-10","N04",266.438749999998,92.9453986400001,"Tue",19,5
"2022-05-11","N04",304.7225,94.4710345400001,"Wed",19,5
"2022-05-12","N04",358.355000000003,95.0268588800001,"Thu",19,5
"2022-05-13","N04",342.898749999997,99.85818668,"Fri",19,5
"2022-05-14","N04",330.981250000001,99.18401684,"Sat",20,5
"2022-05-15","N04",230.8475,93.0225227,"Sun",20,5
"2022-05-16","N04",405.0275,101.61120506,"Mon",20,5
"2022-05-17","N04",279.147500000003,99.45173444,"Tue",20,5
"2022-05-18","N04",390.203749999997,95.26266302,"Wed",20,5
"2022-05-19","N04",315.728750000002,92.5322981,"Thu",20,5
"2022-05-20","N04",404.052499999998,91.3337742200001,"Fri",20,5
"2022-05-21","N04",291.9375,91.67196704,"Sat",21,5
"2022-05-22","N04",380.711250000004,92.32087208,"Sun",21,5
"2022-05-23","N04",243.147499999999,100.56028046,"Mon",21,5
"2022-05-24","N04",382.474999999999,94.46837504,"Tue",21,5
"2022-05-25","N04",406.866249999999,91.7934152,"Wed",21,5
"2022-05-26","N04",345.307500000003,90.79567952,"Thu",21,5
"2022-05-27","N04",391.1325,91.42951424,"Fri",21,5
"2022-05-28","N04",432.494999999995,90.8067605000001,"Sat",22,5
"2022-05-29","N04",189.347500000003,91.59750266,"Sun",22,5
"2022-05-30","N04",276.654999999999,90.88477088,"Mon",22,5
"2022-05-31","N04",309.162499999999,91.0208460200001,"Tue",22,5
"2022-06-01","N04",308.417500000003,92.47202564,"Wed",22,6
"2022-06-02","N04",259.092499999999,94.37866412,"Thu",22,6
"2022-06-03","N04",327.434999999998,93.2522349200001,"Fri",22,6
"2022-06-04","N04",227.952499999999,91.7915369000001,"Sat",23,6
"2022-06-05","N04",197.391250000001,91.5853733600001,"Sun",23,6
"2022-06-06","N04",290.815000000002,91.4344856600001,"Mon",23,6
"2022-06-07","N04",214.303749999999,89.2850822600001,"Tue",23,6
"2022-06-08","N04",404.191250000004,90.06118304,"Wed",23,6
"2022-06-09","N04",291.066249999996,89.7246734000001,"Thu",23,6
"2022-06-10","N04",288.902500000004,89.36015252,"Fri",23,6
"2022-06-11","N04",378.472499999996,89.9457764000001,"Sat",24,6
"2022-06-12","N04",175.868750000001,90.45072734,"Sun",24,6
"2022-06-13","N04",334.099999999999,91.5760362200001,"Mon",24,6
"2022-06-14","N04",261.160000000003,91.9749178400001,"Tue",24,6
"2022-06-15","N04",257.014999999999,92.26548878,"Wed",24,6
"2022-06-16","N04",345.347499999996,91.29517592,"Thu",24,6
"2022-06-17","N04",375.543750000004,90.16389122,"Fri",24,6
"2022-06-18","N04",287.079999999994,90.0313043,"Sat",25,6
"2022-06-19","N04",282.363750000004,90.6173015000001,"Sun",25,6
"2022-06-20","N04",219.217499999999,87.9849825800001,"Mon",25,6
"2022-06-21","N04",347.441250000003,91.4232812,"Tue",25,6
"2022-06-22","N04",323.607499999998,92.3181501200001,"Wed",25,6
"2022-06-23","N04",351.5075,99.4853181200001,"Thu",25,6
"2022-06-24","N04",322.318749999999,97.8065051,"Fri",25,6
"2022-06-25","N04",357.959999999999,92.7226337,"Sat",26,6
"2022-06-26","N04",198.528749999998,95.89239698,"Sun",26,6
"2022-06-27","N04",412.861250000002,93.98052968,"Mon",26,6
"2022-06-28","N04",288.017500000002,95.68137812,"Tue",26,6
"2022-06-29","N04",345.881249999999,92.95008584,"Wed",26,6
"2022-06-30","N04",436.6875,91.6417695200001,"Thu",26,6
"2022-07-01","N04",386.306250000001,92.10062696,"Fri",26,7
"2022-07-02","N04",319.828750000001,90.4133442200001,"Sat",27,7
"2022-07-03","N04",253.041250000002,90.74852186,"Sun",27,7
"2022-07-04","N04",258.344999999994,92.06407076,"Mon",27,7
"2022-07-05","N04",321.082500000004,90.9683339000001,"Tue",27,7
"2022-07-06","N04",248.743750000001,89.01328892,"Wed",27,7
"2022-07-07","N04",260.686249999999,91.9351743800001,"Thu",27,7
"2022-07-08","N04",260.482499999998,89.59296596,"Fri",27,7
"2022-07-09","N04",317.591249999998,83.71453748,"Sat",28,7
"2022-07-10","N04",251.532500000001,85.84168172,"Sun",28,7
"2022-07-11","N04",229.932500000003,83.5068318800001,"Mon",28,7
"2022-07-12","N04",314.076249999998,86.94525182,"Tue",28,7
"2022-07-13","N04",242.451249999998,89.1701956400001,"Wed",28,7
"2022-07-14","N04",371.442500000005,93.3689373800001,"Thu",28,7
"2022-07-15","N04",86.0087500000009,91.22114156,"Fri",28,7
"2022-07-16","N04",219.302499999998,87.8976123800001,"Sat",29,7
"2022-07-17","N04",133.792499999996,88.9188125000001,"Sun",29,7
"2022-07-18","N04",104.456250000003,88.2311284400001,"Mon",29,7
"2022-07-19","N04",134.636250000003,87.5137721000001,"Tue",29,7
"2022-07-20","N04",213.802499999998,86.89160444,"Wed",29,7
"2022-07-21","N04",103.229999999996,86.95545908,"Thu",29,7
"2022-07-22","N04",84.9212500000067,86.65683764,"Fri",29,7
"2022-07-23","N04",102.456249999996,87.1453616000001,"Sat",30,7
"2022-07-24","N04",121.029999999999,82.8530927600001,"Sun",30,7
"2022-07-25","N04",143.641250000001,82.92430616,"Mon",30,7
"2022-07-26","N04",118.166250000002,84.14514122,"Tue",30,7
"2022-07-27","N04",85.0087500000009,83.89636916,"Wed",30,7
"2022-07-28","N04",148.199999999997,83.58326744,"Thu",30,7
"2022-07-29","N04",93.5400000000009,85.5705959600001,"Fri",30,7
"2022-07-30","N04",121.581250000003,84.9090236,"Sat",31,7
"2022-07-31","N04",361.85125,85.884647,"Sun",31,7
"2022-08-01","N04",105.938750000001,85.09025786,"Mon",31,8
"2022-08-02","N04",250.752499999995,85.91238374,"Tue",31,8
"2022-08-03","N04",240.243750000001,87.04027958,"Wed",31,8
"2022-08-04","N04",269.871250000004,88.51842662,"Thu",31,8
"2022-08-05","N04",288.832999999999,88.93586624,"Fri",31,8
"2022-08-06","N04",374.186249999999,86.6629664600001,"Sat",32,8
"2022-08-07","N04",184.484749999996,89.8789937000001,"Sun",32,8
"2022-08-08","N04",357.873500000009,92.02560404,"Mon",32,8
"2022-08-09","N04",330.642249999997,93.97469264,"Tue",32,8
"2022-08-10","N04",292.695249999997,94.5016246400001,"Wed",32,8
"2022-08-12","N04",395.075499999999,88.0247777,"Fri",32,8
"2022-08-13","N04",242.523500000003,83.4139670000001,"Sat",33,8
"2022-08-14","N04",458.194749999995,84.7773336200001,"Sun",33,8
"2022-08-15","N04",289.134000000005,86.6573673800001,"Mon",33,8
"2022-08-16","N04",359.074249999998,86.97029162,"Tue",33,8
"2022-08-17","N04",386.025000000002,85.8408404,"Wed",33,8
"2022-08-18","N04",302.207999999999,82.7181305600001,"Thu",33,8
"2022-08-19","N04",439.767249999997,83.54336702,"Fri",33,8
"2022-08-20","N04",243.178749999999,82.9865735600001,"Sat",34,8
"2022-08-21","N04",149.944000000003,84.0513245000001,"Sun",34,8
"2022-08-22","N04",308.449500000002,86.2346397200001,"Mon",34,8
"2022-08-23","N04",258.456499999993,84.0279952400001,"Tue",34,8
"2022-08-24","N04",292.441750000005,81.6468472400001,"Wed",34,8
"2022-08-25","N04",311.444749999995,82.41204956,"Thu",34,8
"2022-08-26","N04",307.298999999999,83.7601743200001,"Fri",34,8
"2022-08-27","N04",258.145250000001,83.89610672,"Sat",35,8
"2022-08-28","N04",289.434000000001,83.57416178,"Sun",35,8
"2022-08-29","N04",310.41874999999,83.93872154,"Mon",35,8
"2022-08-30","N04",270.87025,85.63274276,"Tue",35,8
"2022-08-31","N04",240.423999999999,85.8619923800001,"Wed",35,8
"2022-09-01","N04",339.365000000005,85.76345678,"Thu",35,9
"2022-09-02","N04",293.016499999998,85.46478872,"Fri",35,9
"2022-09-03","N04",381.727249999996,85.22468996,"Sat",36,9
"2022-09-04","N04",130.184500000003,84.5607808400001,"Sun",36,9
"2022-09-05","N04",295.744749999998,84.4942082,"Mon",36,9
"2022-09-06","N04",291.614500000003,85.89587486,"Tue",36,9
"2022-09-07","N04",315.36825,86.3240507600001,"Wed",36,9
"2022-09-08","N04",279.782999999996,89.49371648,"Thu",36,9
"2022-09-09","N04",324.575000000004,96.11134394,"Fri",36,9
"2022-09-10","N04",283.086499999998,97.8378713600001,"Sat",37,9
"2022-09-11","N04",400.121500000001,91.23334016,"Sun",37,9
"2022-09-12","N04",255.956749999998,92.3185131800001,"Mon",37,9
"2022-09-13","N04",316.741250000006,93.8147640800001,"Tue",37,9
"2022-09-14","N04",345.338499999998,94.2160199,"Wed",37,9
"2022-09-15","N04",357.311750000001,87.67951664,"Thu",37,9
"2022-09-16","N04",348.951000000001,85.81111268,"Fri",37,9
"2022-09-17","N04",291.705750000001,85.3665665,"Sat",38,9
"2022-09-18","N04",271.465499999991,86.88828254,"Sun",38,9
"2022-09-19","N04",291.893000000011,86.2774862000001,"Mon",38,9
"2022-09-20","N04",332.924999999988,85.71470954,"Tue",38,9
"2022-09-21","N04",271.214749999999,86.52486038,"Wed",38,9
"2022-09-22","N04",232.065750000009,86.70966368,"Thu",38,9
"2022-09-23","N04",294.69975,86.30731652,"Fri",38,9
"2022-09-24","N04",248.566999999995,85.29817478,"Sat",39,9
"2022-09-26","N04",346.247749999995,85.55719028,"Mon",39,9
"2022-09-27","N04",417.119500000001,86.7245788400001,"Tue",39,9
"2022-09-28","N04",320.794750000001,86.12178584,"Wed",39,9
"2022-09-29","N04",342.945999999996,86.3633395400001,"Thu",39,9
"2022-09-30","N04",360.717499999999,86.6310859400001,"Fri",39,9
"2022-10-01","N04",249.667250000013,86.8317918800001,"Sat",40,10
"2022-10-02","N04",155.716499999995,86.66792582,"Sun",40,10
"2022-10-03","N04",371.013749999998,87.6041601800001,"Mon",40,10
"2022-10-04","N04",336.342000000004,87.8389682,"Tue",40,10
"2022-10-05","N04",297.899749999982,88.95105878,"Wed",40,10
"2022-10-06","N04",428.558499999999,89.23182908,"Thu",40,10
"2022-10-07","N04",318.545249999996,94.42658066,"Fri",40,10
"2022-10-08","N04",274.583750000005,99.4130027600001,"Sat",41,10
"2022-10-09","N04",301.614999999991,96.2790657800001,"Sun",41,10
"2022-10-10","N04",322.88274999999,94.93516472,"Mon",41,10
"2022-10-11","N04",350.853750000009,94.8742145600001,"Tue",41,10
"2022-10-12","N04",242.469749999989,93.39242648,"Wed",41,10
"2022-10-13","N04",174.854000000007,91.6458548,"Thu",41,10
"2022-10-14","N04",292.53125,92.2078952600001,"Fri",41,10
"2022-10-15","N04",334.892999999996,93.5303136800001,"Sat",42,10
"2022-10-16","N04",234.476999999999,93.79859432,"Sun",42,10
"2022-10-17","N04",366.652750000008,95.19745028,"Mon",42,10
"2022-10-18","N04",328.88274999999,90.25649114,"Tue",42,10
"2022-10-19","N04",322.319000000003,88.28860046,"Wed",42,10
"2022-10-20","N04",247.635250000007,87.98834606,"Thu",42,10
"2022-10-21","N04",305.433749999997,92.6585267,"Fri",42,10
"2022-10-22","N04",271.051250000004,94.8312498200001,"Sat",43,10
"2022-10-23","N04",399.154999999999,93.20308124,"Sun",43,10
"2022-10-24","N04",290.18475,91.05333944,"Mon",43,10
"2022-10-25","N04",365.842000000004,87.1715139800001,"Tue",43,10
"2022-10-26","N04",351.263749999998,88.34505422,"Wed",43,10
"2022-10-27","N04",270.867750000005,85.6877275400001,"Thu",43,10
"2022-10-28","N04",365.486749999996,86.80831106,"Fri",43,10
"2022-10-29","N04",251.24325,89.17337696,"Sat",44,10
"2022-10-30","N04",123.845249999998,90.6136989800001,"Sun",44,10
"2022-11-13","N04",148.816500000001,86.5487609600001,"Sun",46,11
"2022-11-14","N04",285.672749999998,86.17259354,"Mon",46,11
"2022-11-15","N04",249.179749999996,85.48942766,"Tue",46,11
"2022-11-17","N04",311.05124999999,86.39005046,"Thu",46,11
"2022-11-18","N04",278.562000000005,83.88479354,"Fri",46,11
"2022-11-19","N04",193.170750000005,83.8914261800001,"Sat",47,11
"2022-11-20","N04",237.862999999998,86.7984339200001,"Sun",47,11
"2022-11-21","N04",410.089250000005,86.74300364,"Mon",47,11
"2022-11-22","N04",291.628249999994,85.02419282,"Tue",47,11
"2022-11-23","N04",286.974749999994,85.09952102,"Wed",47,11
"2022-11-24","N04",310.058000000005,83.8132554200001,"Thu",47,11
"2022-11-25","N04",281.501749999996,82.8159850400001,"Fri",47,11
"2022-11-26","N04",277.18475,84.0060768200001,"Sat",48,11
"2022-11-27","N04",173.642749999999,82.17877424,"Sun",48,11
"2022-11-28","N04",344.653250000003,84.07287734,"Mon",48,11
"2022-11-29","N04",307.28850000001,85.2160667,"Tue",48,11
"2022-12-01","N04",254.451249999998,83.7599869400001,"Thu",48,12
"2022-12-06","N04",290.981249999997,81.6871184600001,"Tue",49,12
"2022-12-07","N04",181.586750000002,83.42937626,"Wed",49,12
"2022-12-08","N04",237.373999999996,82.7001017600001,"Thu",49,12
"2022-12-09","N04",213.362250000006,82.75206146,"Fri",49,12
"2022-12-10","N04",325.19025,83.4942110000001,"Sat",50,12
"2022-12-11","N04",140.796249999999,82.34282174,"Sun",50,12
"2022-12-21","N04",214.920500000007,79.1268407600001,"Wed",51,12
"2022-12-22","N04",244.9715,76.89533432,"Thu",51,12
"2023-01-25","N04",290.164250000002,68.72797724,"Wed",4,1
"2023-01-26","N04",254.710250000004,71.25667304,"Thu",4,1
"2023-01-27","N04",286.159249999997,71.05761806,"Fri",4,1
"2023-01-28","N04",276.864249999999,74.51344868,"Sat",4,1
"2023-01-29","N04",125.9905,73.35989546,"Sun",5,1
"2023-01-30","N04",303.446250000008,75.73567838,"Mon",5,1
"2023-01-31","N04",284.185249999995,76.4798543600001,"Tue",5,1
"2023-02-01","N04",248.875749999992,77.5600286,"Wed",5,2
"2023-02-02","N04",239.865000000005,78.5163497,"Thu",5,2
"2023-02-03","N04",283.4035,78.8349088400001,"Fri",5,2
"2023-02-04","N04",218.730500000005,80.91937976,"Sat",5,2
"2023-02-05","N04",235.979249999989,78.7190691200001,"Sun",6,2
"2023-02-06","N04",279.474500000011,85.260794,"Mon",6,2
"2023-02-07","N04",277.183749999997,82.1710918400001,"Tue",6,2
"2023-02-08","N04",211.594750000004,82.21227944,"Wed",6,2
"2023-02-09","N04",256.536749999999,80.7868076,"Thu",6,2
"2023-02-10","N04",365.730750000002,79.4643044,"Fri",6,2
"2023-02-11","N04",176.018499999991,85.65786662,"Sat",6,2
"2023-02-12","N04",116.470750000008,83.971112,"Sun",7,2
"2023-02-13","N04",349.383499999996,82.48385912,"Mon",7,2
"2023-02-14","N04",277.114249999999,83.4536948000001,"Tue",7,2
"2023-02-15","N04",233.285250000001,83.7851250200001,"Wed",7,2
"2023-02-16","N04",323.894749999992,86.8194813200001,"Thu",7,2
"2023-02-17","N04",378.264999999999,91.6390562,"Fri",7,2
"2023-02-18","N04",272.765750000006,89.3685981200001,"Sat",7,2
"2023-02-19","N04",331.827999999994,87.9180278000001,"Sun",8,2
"2023-02-20","N04",322.041500000007,86.1759275000001,"Mon",8,2
"2023-02-21","N04",420.542750000008,87.99525428,"Tue",8,2
"2023-02-22","N04",230.867999999988,80.3929526600001,"Wed",8,2
"2023-02-23","N04",299.960749999998,82.0925783600001,"Thu",8,2
"2023-02-24","N04",291.446750000003,82.04817308,"Fri",8,2
"2023-02-25","N04",242.137000000002,84.6809519,"Sat",8,2
"2023-02-26","N04",176.747000000003,86.1778581800001,"Sun",9,2
"2023-02-27","N04",341.275249999992,87.6586755200001,"Mon",9,2
"2023-02-28","N04",268.376500000013,87.41669936,"Tue",9,2
"2023-03-01","N04",327.299749999991,87.33755858,"Wed",9,3
"2023-03-02","N04",227.646999999997,90.03745562,"Thu",9,3
"2023-03-03","N04",350.162750000003,89.8169813600001,"Fri",9,3
"2023-03-04","N04",254.204750000004,90.4492158800001,"Sat",9,3
"2023-03-05","N04",335.313249999992,91.79603708,"Sun",10,3
"2023-03-06","N04",279.65625,90.8620187,"Mon",10,3
"2023-03-07","N04",214.04250000001,90.2693966,"Tue",10,3
"2023-03-08","N04",239.370750000002,92.2489736,"Wed",10,3
"2023-03-09","N04",344.512999999992,92.45068394,"Thu",10,3
"2023-03-10","N04",253.964500000002,93.27316226,"Fri",10,3
"2023-03-11","N04",291.085250000004,91.81480082,"Sat",10,3
"2023-03-12","N04",155.069000000003,89.4463971800001,"Sun",11,3
"2023-03-13","N04",318.817249999993,90.88078244,"Mon",11,3
"2023-03-14","N04",286.147500000006,87.67113674,"Tue",11,3
"2023-03-15","N04",280.051999999996,84.3833084000001,"Wed",11,3
"2023-03-16","N04",260.486000000004,86.9643683600001,"Thu",11,3
"2023-03-17","N04",432.29075,87.16868474,"Fri",11,3
"2023-03-18","N04",315.822499999995,88.39458392,"Sat",11,3
"2023-03-19","N04",147.337,86.5036137200001,"Sun",12,3
"2023-03-20","N04",295.765249999997,84.74294732,"Mon",12,3
"2023-03-21","N04",229.235249999998,83.8964931800001,"Tue",12,3
"2023-03-22","N04",231.514750000002,83.9324570000001,"Wed",12,3
"2023-03-23","N04",274.391000000003,77.00393768,"Thu",12,3
"2023-03-24","N04",277.117499999993,81.48951932,"Fri",12,3
"2023-03-25","N04",279.11275,82.87908026,"Sat",12,3
"2023-03-26","N04",307.9185,85.4762977400001,"Sun",13,3
"2023-03-27","N04",279.515250000011,86.2179875600001,"Mon",13,3
"2023-03-28","N04",250.376499999998,84.3744479,"Tue",13,3
"2023-03-29","N04",236.083749999991,85.0509856400001,"Wed",13,3
"2023-03-30","N04",278.819500000012,83.3789260400001,"Thu",13,3
"2023-03-31","N04",231.676749999999,86.2258056800001,"Fri",13,3
"2023-04-01","N04",342.182749999993,86.34992612,"Sat",13,4
"2023-04-02","N04",68.2520000000077,85.92570356,"Sun",14,4
"2023-04-03","N04",371.7785,86.63803988,"Mon",14,4
"2023-04-04","N04",356.461249999993,86.52080732,"Tue",14,4
"2023-04-05","N04",260.888749999998,88.9638126800001,"Wed",14,4
"2023-04-06","N04",327.161999999997,89.41684676,"Thu",14,4
"2023-04-07","N04",384.462750000006,92.60845088,"Fri",14,4
"2023-04-08","N04",228.218250000005,93.6749681600001,"Sat",14,4
"2023-04-09","N04",318.292499999996,91.4132759,"Sun",15,4
"2023-04-10","N04",213.250749999992,86.77116824,"Mon",15,4
"2023-04-11","N04",291.995500000005,87.61911656,"Tue",15,4
"2023-04-12","N04",276.09150000001,94.6764116600001,"Wed",15,4
"2023-04-13","N04",356.619249999989,94.27802,"Thu",15,4
"2023-04-14","N04",164.135000000009,92.0878592000001,"Fri",15,4
"2023-04-15","N04",257.420499999993,90.43915352,"Sat",15,4
"2023-04-16","N04",137.842499999999,90.2156171,"Sun",16,4
"2023-04-17","N04",361.425750000009,91.2592841,"Mon",16,4
"2023-04-18","N04",206.80025,94.08627536,"Tue",16,4
"2023-04-19","N04",269.125499999995,92.6223598400001,"Wed",16,4
"2023-04-20","N04",213.097999999998,93.7748145200001,"Thu",16,4
"2023-04-21","N04",264.19975,91.34522132,"Fri",16,4
"2023-04-22","N04",240.91575,91.9125073400001,"Sat",16,4
"2023-04-23","N04",288.559999999998,95.91579734,"Sun",17,4
"2023-04-24","N04",202.702250000002,93.1568603,"Mon",17,4
"2023-04-25","N04",319.826499999996,91.87028366,"Tue",17,4
"2023-04-26","N04",262.003750000003,92.7192255800001,"Wed",17,4
"2023-04-27","N04",208.240999999995,88.0160180000001,"Thu",17,4
"2023-04-28","N04",342.739500000011,85.9639532,"Fri",17,4
"2023-04-29","N04",264.817249999993,87.62458082,"Sat",17,4
"2023-04-30","N04",117.680500000002,86.4631846400001,"Sun",18,4
"2023-05-01","N04",269.674249999996,89.3144345,"Mon",18,5
"2023-05-02","N04",313.003250000009,91.6757956400001,"Tue",18,5
"2023-05-03","N04",297.001999999993,91.24735316,"Wed",18,5
"2023-05-04","N04",294.317250000007,91.8686652800001,"Thu",18,5
"2023-05-05","N04",367.576249999998,92.93906768,"Fri",18,5
"2023-05-06","N04",272.644499999995,93.3529627400001,"Sat",18,5
"2023-05-07","N04",188.304250000001,91.42145186,"Sun",19,5
"2023-05-08","N04",280.748500000002,94.9362760400001,"Mon",19,5
"2023-05-09","N04",219.881999999998,93.34357736,"Tue",19,5
"2023-05-10","N04",224.825500000006,98.2765322600001,"Wed",19,5
"2023-05-11","N04",279.558999999994,99.3774371,"Thu",19,5
"2023-05-12","N04",327.269249999998,96.59608034,"Fri",19,5
"2023-05-13","N04",276.044999999998,96.4581152,"Sat",19,5
"2023-05-14","N04",238.289250000002,92.6443666400001,"Sun",20,5
"2023-05-15","N04",346.094500000007,92.4763685,"Mon",20,5
"2023-05-16","N04",236.594249999995,92.42474882,"Tue",20,5
"2023-05-17","N04",298.526500000007,91.8766427000001,"Wed",20,5
"2023-05-18","N04",262.392999999996,92.4622903400001,"Thu",20,5
"2023-05-19","N04",281.581749999998,92.95126862,"Fri",20,5
"2023-05-20","N04",259.860249999998,91.88555882,"Sat",20,5
"2023-05-21","N04",199.15625,92.11550072,"Sun",21,5
"2023-05-22","N04",312.468500000003,91.9296701600001,"Mon",21,5
"2023-05-23","N04",300.930500000002,92.72648876,"Tue",21,5
"2023-05-24","N04",218.046000000002,93.11879768,"Wed",21,5
"2023-05-25","N04",220.996749999991,92.5913393600001,"Thu",21,5
"2023-05-26","N04",366.016000000003,92.9268665600001,"Fri",21,5
"2023-05-27","N04",213.382500000007,92.9568997400001,"Sat",21,5
"2023-05-28","N04",334.586750000002,93.79313708,"Sun",22,5
"2023-05-29","N04",254.485249999998,94.11740186,"Mon",22,5
"2023-05-30","N04",180.259499999986,92.73446636,"Tue",22,5
"2023-06-01","N04",318.574500000017,91.10846444,"Thu",22,6
"2023-06-02","N04",404.00774999999,93.07081652,"Fri",22,6
"2023-06-03","N04",325.606249999997,94.4868963200001,"Sat",22,6
"2023-06-04","N04",196.758500000011,95.54319896,"Sun",23,6
"2023-06-05","N04",249.563750000016,93.6491781200001,"Mon",23,6
"2023-06-06","N04",317.150499999989,94.5831641000001,"Tue",23,6
"2023-06-07","N04",315.039749999996,94.56957338,"Wed",23,6
"2023-06-08","N04",269.732749999996,93.16293152,"Thu",23,6
"2023-06-09","N04",310.998000000007,91.93070426,"Fri",23,6
"2023-06-10","N04",237.408750000002,92.2398936800001,"Sat",23,6
"2023-06-11","N04",235.289499999999,95.29101518,"Sun",24,6
"2023-06-12","N04",237.60325,103.0418906,"Mon",24,6
"2023-06-13","N04",296.425749999995,94.01650556,"Tue",24,6
"2023-06-14","N04",267.247000000003,94.6016625200001,"Wed",24,6
"2023-06-15","N04",316.104500000001,89.0464469,"Thu",24,6
"2023-06-16","N04",365.923750000002,95.5918990400001,"Fri",24,6
"2023-06-17","N04",287.274249999988,90.42175454,"Sat",24,6
"2023-06-18","N04",298.888500000001,89.6501024600001,"Sun",25,6
"2023-06-19","N04",221.057250000013,90.6943244,"Mon",25,6
"2023-06-20","N04",297.857499999998,91.3059077000001,"Tue",25,6
"2023-06-21","N04",296.995750000002,92.02734968,"Wed",25,6
"2023-06-22","N04",191.706250000003,92.06698928,"Thu",25,6
"2023-06-23","N04",221.723499999978,92.50604564,"Fri",25,6
"2023-06-24","N04",262.796250000014,93.22635506,"Sat",25,6
"2023-06-25","N04",138.517500000002,93.4404092600001,"Sun",26,6
"2023-06-26","N04",251.276750000005,92.7355782200001,"Mon",26,6
"2023-06-27","N04",156.862500000003,93.47627372,"Tue",26,6
"2023-06-28","N04",258.282749999998,93.4434293,"Wed",26,6
"2023-06-29","N04",166.145500000013,93.26523956,"Thu",26,6
"2023-06-30","N04",294.141749999995,92.6529011600001,"Fri",26,6
"2023-07-01","N04",277.890749999991,NA,"Sat",26,7
"2023-07-02","N04",206.759000000005,NA,"Sun",27,7
"2023-07-03","N04",299.801500000001,NA,"Mon",27,7
"2023-07-04","N04",359.151750000005,NA,"Tue",27,7
"2023-07-05","N04",302.731249999997,NA,"Wed",27,7
"2023-07-06","N04",253.605499999991,NA,"Thu",27,7
"2023-07-07","N04",289.545249999996,NA,"Fri",27,7
"2023-07-08","N04",236.611250000016,NA,"Sat",27,7
"2023-07-09","N04",433.823499999999,NA,"Sun",28,7
"2023-07-10","N04",224.13725,NA,"Mon",28,7
"2022-02-23","N05",62.55,87.40870196,"Wed",8,2
"2022-02-24","N05",208.6875,84.98135084,"Thu",8,2
"2022-02-25","N05",224.105,83.6510927000001,"Fri",8,2
"2022-03-02","N05",114.1075,84.9969690800001,"Wed",9,3
"2022-03-04","N05",122.3975,85.8661583000001,"Fri",9,3
"2022-03-05","N05",109.655,87.6158412800001,"Sat",10,3
"2022-03-07","N05",56.905,87.0028869200001,"Mon",10,3
"2022-03-08","N05",56.2725000000001,90.44321846,"Tue",10,3
"2022-03-09","N05",29.7049999999999,88.93030154,"Wed",10,3
"2022-03-10","N05",16.7425000000001,90.3408501200001,"Thu",10,3
"2022-03-11","N05",35.2249999999999,93.5720484800001,"Fri",10,3
"2022-03-16","N05",92.3425000000002,89.9539854800001,"Wed",11,3
"2022-03-19","N05",83.5725,91.73318576,"Sat",12,3
"2022-03-20","N05",313.2025,89.8315203200001,"Sun",12,3
"2022-03-21","N05",45.4375,86.51428214,"Mon",12,3
"2022-03-22","N05",51.1325000000001,82.8987310400001,"Tue",12,3
"2022-03-23","N05",62.1349999999998,88.17101708,"Wed",12,3
"2022-03-24","N05",69.3425000000002,92.204834,"Thu",12,3
"2022-03-25","N05",76.9874999999997,96.66822128,"Fri",12,3
"2022-03-26","N05",84.1625000000004,96.4433876000001,"Sat",13,3
"2022-03-27","N05",49.6424999999999,98.3846188400001,"Sun",13,3
"2022-03-28","N05",74.31,91.9636716200001,"Mon",13,3
"2022-03-29","N05",43.3125,90.9669929000001,"Tue",13,3
"2022-03-30","N05",84.8324999999999,101.1950393,"Wed",13,3
"2022-03-31","N05",64.4425000000001,98.82549374,"Thu",13,3
"2022-04-01","N05",158.035,100.15752974,"Fri",13,4
"2022-04-02","N05",116.7725,98.47171166,"Sat",14,4
"2022-04-03","N05",50.8800000000001,97.34213642,"Sun",14,4
"2022-04-04","N05",75.5699999999997,91.9610805200001,"Mon",14,4
"2022-04-05","N05",86.2875000000003,95.7803568800001,"Tue",14,4
"2022-04-06","N05",120.6475,96.0526896800001,"Wed",14,4
"2022-04-07","N05",74.6900000000001,98.56267304,"Thu",14,4
"2022-04-10","N05",56.3800000000001,95.3183831000001,"Sun",15,4
"2022-04-11","N05",104.1625,90.6363518,"Mon",15,4
"2022-04-12","N05",54.0700000000002,90.13137818,"Tue",15,4
"2022-04-13","N05",50.2649999999998,91.1286458600001,"Wed",15,4
"2022-04-14","N05",208.85,94.3387565000001,"Thu",15,4
"2022-04-15","N05",109.68,94.5989612600001,"Fri",15,4
"2022-04-16","N05",65.8900000000003,93.5608987400001,"Sat",16,4
"2022-04-17","N05",59.6000000000004,91.45059422,"Sun",16,4
"2022-04-18","N05",93.3399999999992,90.9075821000001,"Mon",16,4
"2022-04-19","N05",136.35,90.0111988400001,"Tue",16,4
"2022-04-20","N05",90.5474999999996,94.5802176800001,"Wed",16,4
"2022-04-21","N05",107.6575,94.40932046,"Thu",16,4
"2022-04-22","N05",26.9825000000001,91.97541392,"Fri",16,4
"2022-04-23","N05",112.395,91.8833498600001,"Sat",17,4
"2022-04-24","N05",39.3474999999998,93.82496234,"Sun",17,4
"2022-04-25","N05",65.3499999999995,93.0377327,"Mon",17,4
"2022-04-26","N05",35.4450000000006,93.9556160600001,"Tue",17,4
"2022-04-27","N05",111.9725,93.90214166,"Wed",17,4
"2022-04-28","N05",41.5024999999996,94.14360284,"Thu",17,4
"2022-04-29","N05",116.3275,96.25059968,"Fri",17,4
"2022-05-07","N05",26.6350000000002,90.62636144,"Sat",19,5
"2022-05-08","N05",23.5900000000001,89.9712510800001,"Sun",19,5
"2022-05-09","N05",41.7550000000001,91.1086077200001,"Mon",19,5
"2022-05-10","N05",65.8374999999997,92.9453986400001,"Tue",19,5
"2022-05-11","N05",73.2750000000005,94.4710345400001,"Wed",19,5
"2022-05-12","N05",108.3975,95.0268588800001,"Thu",19,5
"2022-05-13","N05",95.7675,99.85818668,"Fri",19,5
"2022-05-14","N05",73.0599999999995,99.18401684,"Sat",20,5
"2022-05-15","N05",45.8900000000003,93.0225227,"Sun",20,5
"2022-05-16","N05",91.0874999999997,101.61120506,"Mon",20,5
"2022-05-17","N05",70.0974999999998,99.45173444,"Tue",20,5
"2022-05-18","N05",78.5249999999996,95.26266302,"Wed",20,5
"2022-05-19","N05",68.335,92.5322981,"Thu",20,5
"2022-05-20","N05",104.64,91.3337742200001,"Fri",20,5
"2022-05-21","N05",70.2025000000003,91.67196704,"Sat",21,5
"2022-05-22","N05",237.782499999999,92.32087208,"Sun",21,5
"2022-05-23","N05",61.0575000000008,100.56028046,"Mon",21,5
"2022-05-24","N05",81.8699999999999,94.46837504,"Tue",21,5
"2022-05-25","N05",57.9324999999999,91.7934152,"Wed",21,5
"2022-05-26","N05",26.9250000000002,90.79567952,"Thu",21,5
"2022-05-27","N05",68.5799999999999,91.42951424,"Fri",21,5
"2022-05-28","N05",63.0174999999999,90.8067605000001,"Sat",22,5
"2022-05-29","N05",38.7325000000001,91.59750266,"Sun",22,5
"2022-05-30","N05",72.5399999999999,90.88477088,"Mon",22,5
"2022-05-31","N05",83.4474999999993,91.0208460200001,"Tue",22,5
"2022-06-01","N05",62.0175000000008,92.47202564,"Wed",22,6
"2022-06-02","N05",72.3299999999999,94.37866412,"Thu",22,6
"2022-06-03","N05",64.7174999999997,93.2522349200001,"Fri",22,6
"2022-06-04","N05",155.46,91.7915369000001,"Sat",23,6
"2022-06-05","N05",127.014999999999,91.5853733600001,"Sun",23,6
"2022-06-06","N05",90.1650000000009,91.4344856600001,"Mon",23,6
"2022-06-07","N05",73.1899999999996,89.2850822600001,"Tue",23,6
"2022-06-08","N05",74.1125000000002,90.06118304,"Wed",23,6
"2022-06-09","N05",86.1475000000001,89.7246734000001,"Thu",23,6
"2022-06-10","N05",89.3999999999997,89.36015252,"Fri",23,6
"2022-06-11","N05",125.665,89.9457764000001,"Sat",24,6
"2022-06-12","N05",47.3299999999999,90.45072734,"Sun",24,6
"2022-06-13","N05",40.9300000000003,91.5760362200001,"Mon",24,6
"2022-06-14","N05",80.0900000000002,91.9749178400001,"Tue",24,6
"2022-06-15","N05",77.7800000000007,92.26548878,"Wed",24,6
"2022-06-16","N05",91.4924999999985,91.29517592,"Thu",24,6
"2022-06-17","N05",46.2800000000007,90.16389122,"Fri",24,6
"2022-06-18","N05",69.2924999999996,90.0313043,"Sat",25,6
"2022-06-19","N05",132.362500000001,90.6173015000001,"Sun",25,6
"2022-06-20","N05",62.4825000000001,87.9849825800001,"Mon",25,6
"2022-06-21","N05",190.625,91.4232812,"Tue",25,6
"2022-06-22","N05",49.1049999999996,92.3181501200001,"Wed",25,6
"2022-06-23","N05",63.8974999999991,99.4853181200001,"Thu",25,6
"2022-06-24","N05",110.49,97.8065051,"Fri",25,6
"2022-06-25","N05",98.0375000000004,92.7226337,"Sat",26,6
"2022-06-26","N05",36.0925000000007,95.89239698,"Sun",26,6
"2022-06-27","N05",67.8125,93.98052968,"Mon",26,6
"2022-06-28","N05",75.3575000000001,95.68137812,"Tue",26,6
"2022-06-29","N05",49.8624999999993,92.95008584,"Wed",26,6
"2022-06-30","N05",91.2725000000009,91.6417695200001,"Thu",26,6
"2022-07-01","N05",98.2775000000001,92.10062696,"Fri",26,7
"2022-07-02","N05",83.9424999999992,90.4133442200001,"Sat",27,7
"2022-07-03","N05",233.9375,90.74852186,"Sun",27,7
"2022-07-04","N05",133.575000000001,92.06407076,"Mon",27,7
"2022-07-05","N05",177.705,90.9683339000001,"Tue",27,7
"2022-07-06","N05",222.932499999999,89.01328892,"Wed",27,7
"2022-07-08","N05",49.0074999999997,89.59296596,"Fri",27,7
"2022-07-14","N05",20.1175000000003,93.3689373800001,"Thu",28,7
"2022-07-15","N05",21.375,91.22114156,"Fri",28,7
"2022-07-16","N05",385.379999999999,87.8976123800001,"Sat",29,7
"2022-07-17","N05",24.6500000000015,88.9188125000001,"Sun",29,7
"2022-07-18","N05",49.619999999999,88.2311284400001,"Mon",29,7
"2022-07-19","N05",20.2725000000009,87.5137721000001,"Tue",29,7
"2022-07-20","N05",67.7174999999988,86.89160444,"Wed",29,7
"2022-07-21","N05",39.0750000000007,86.95545908,"Thu",29,7
"2022-07-22","N05",142.34,86.65683764,"Fri",29,7
"2022-07-23","N05",28.5524999999998,87.1453616000001,"Sat",30,7
"2022-07-24","N05",45.5799999999999,82.8530927600001,"Sun",30,7
"2022-07-26","N05",80.8374999999996,84.14514122,"Tue",30,7
"2022-07-27","N05",490.1625,83.89636916,"Wed",30,7
"2022-07-28","N05",150.2075,83.58326744,"Thu",30,7
"2022-07-29","N05",128.737499999999,85.5705959600001,"Fri",30,7
"2022-07-30","N05",239.145,84.9090236,"Sat",31,7
"2022-07-31","N05",93.1875,85.884647,"Sun",31,7
"2022-08-01","N05",130.7675,85.09025786,"Mon",31,8
"2022-08-02","N05",80.9375,85.91238374,"Tue",31,8
"2022-08-03","N05",35.3374999999996,87.04027958,"Wed",31,8
"2022-08-04","N05",128.9825,88.51842662,"Thu",31,8
"2022-08-05","N05",35.3515000000007,88.93586624,"Fri",31,8
"2022-08-06","N05",34.9534999999996,86.6629664600001,"Sat",32,8
"2022-08-07","N05",66.5854999999992,89.8789937000001,"Sun",32,8
"2022-08-08","N05",101.0515,92.02560404,"Mon",32,8
"2022-08-09","N05",123.903,93.97469264,"Tue",32,8
"2022-08-10","N05",56.2350000000006,94.5016246400001,"Wed",32,8
"2022-08-11","N05",138.773499999999,95.65689344,"Thu",32,8
"2022-08-12","N05",79.1400000000013,88.0247777,"Fri",32,8
"2022-08-13","N05",91.1239999999998,83.4139670000001,"Sat",33,8
"2022-08-14","N05",16.5740000000005,84.7773336200001,"Sun",33,8
"2022-08-15","N05",68.7834999999995,86.6573673800001,"Mon",33,8
"2022-08-16","N05",35.771999999999,86.97029162,"Tue",33,8
"2022-08-17","N05",100.752500000001,85.8408404,"Wed",33,8
"2022-08-18","N05",49.5470000000005,82.7181305600001,"Thu",33,8
"2022-08-19","N05",61.2700000000004,83.54336702,"Fri",33,8
"2022-08-20","N05",36.869999999999,82.9865735600001,"Sat",34,8
"2022-08-21","N05",69.2554999999993,84.0513245000001,"Sun",34,8
"2022-08-22","N05",61.6405000000013,86.2346397200001,"Mon",34,8
"2022-08-23","N05",169.219499999999,84.0279952400001,"Tue",34,8
"2022-08-24","N05",34.4719999999998,81.6468472400001,"Wed",34,8
"2022-08-25","N05",50.6890000000003,82.41204956,"Thu",34,8
"2022-08-26","N05",69.9495000000006,83.7601743200001,"Fri",34,8
"2022-08-27","N05",78.2714999999989,83.89610672,"Sat",35,8
"2022-08-28","N05",145.287,83.57416178,"Sun",35,8
"2022-08-29","N05",146.898500000001,83.93872154,"Mon",35,8
"2022-08-30","N05",68.4404999999988,85.63274276,"Tue",35,8
"2022-08-31","N05",25.6424999999999,85.8619923800001,"Wed",35,8
"2022-09-01","N05",22.3625000000011,85.76345678,"Thu",35,9
"2022-09-02","N05",20.8305,85.46478872,"Fri",35,9
"2022-09-03","N05",69.7955000000002,85.22468996,"Sat",36,9
"2022-09-05","N05",18.1605,84.4942082,"Mon",36,9
"2022-09-06","N05",15.4750000000004,85.89587486,"Tue",36,9
"2022-09-07","N05",18.8695000000007,86.3240507600001,"Wed",36,9
"2022-09-08","N05",41.619999999999,89.49371648,"Thu",36,9
"2022-09-09","N05",20.3225000000002,96.11134394,"Fri",36,9
"2022-09-10","N05",26.9555,97.8378713600001,"Sat",37,9
"2022-09-12","N05",24.5570000000007,92.3185131800001,"Mon",37,9
"2022-09-13","N05",27.3329999999987,93.8147640800001,"Tue",37,9
"2022-09-14","N05",32.290500000001,94.2160199,"Wed",37,9
"2022-09-15","N05",27.5339999999997,87.67951664,"Thu",37,9
"2022-09-16","N05",16.433500000001,85.81111268,"Fri",37,9
"2022-09-17","N05",39.2654999999995,85.3665665,"Sat",38,9
"2022-09-18","N05",174.7485,86.88828254,"Sun",38,9
"2022-09-19","N05",25.9604999999992,86.2774862000001,"Mon",38,9
"2022-09-20","N05",23.1869999999999,85.71470954,"Tue",38,9
"2022-09-21","N05",19.6244999999999,86.52486038,"Wed",38,9
"2022-09-22","N05",18.9760000000006,86.70966368,"Thu",38,9
"2022-09-23","N05",36.7155000000002,86.30731652,"Fri",38,9
"2022-09-24","N05",97.9454999999998,85.29817478,"Sat",39,9
"2022-09-25","N05",103.474,85.97590772,"Sun",39,9
"2022-09-26","N05",115.9475,85.55719028,"Mon",39,9
"2022-09-27","N05",107.027,86.7245788400001,"Tue",39,9
"2022-09-28","N05",150.175499999999,86.12178584,"Wed",39,9
"2022-09-29","N05",135.895,86.3633395400001,"Thu",39,9
"2022-09-30","N05",94.0904999999984,86.6310859400001,"Fri",39,9
"2022-10-01","N05",55.2489999999998,86.8317918800001,"Sat",40,10
"2022-10-02","N05",27.5745000000024,86.66792582,"Sun",40,10
"2022-10-03","N05",19.5,87.6041601800001,"Mon",40,10
"2022-10-04","N05",25.9099999999999,87.8389682,"Tue",40,10
"2022-10-05","N05",21.8675000000003,88.95105878,"Wed",40,10
"2022-10-06","N05",170.906999999999,89.23182908,"Thu",40,10
"2022-10-07","N05",126.674500000001,94.42658066,"Fri",40,10
"2022-10-08","N05",135.512999999999,99.4130027600001,"Sat",41,10
"2022-10-09","N05",198.054499999998,96.2790657800001,"Sun",41,10
"2022-10-10","N05",92.4785000000011,94.93516472,"Mon",41,10
"2022-10-11","N05",51.5355000000018,94.8742145600001,"Tue",41,10
"2022-10-12","N05",77.0190000000002,93.39242648,"Wed",41,10
"2022-10-13","N05",39.5564999999988,91.6458548,"Thu",41,10
"2022-10-14","N05",49.625,92.2078952600001,"Fri",41,10
"2022-10-15","N05",70.8209999999999,93.5303136800001,"Sat",42,10
"2022-10-16","N05",357.334999999999,93.79859432,"Sun",42,10
"2022-10-17","N05",169.269500000002,95.19745028,"Mon",42,10
"2022-10-18","N05",119.823,90.25649114,"Tue",42,10
"2022-10-19","N05",115.637999999999,88.28860046,"Wed",42,10
"2022-10-20","N05",86.7744999999995,87.98834606,"Thu",42,10
"2022-10-21","N05",63.6494999999995,92.6585267,"Fri",42,10
"2022-10-22","N05",36.6215000000011,94.8312498200001,"Sat",43,10
"2022-10-23","N05",80.5374999999985,93.20308124,"Sun",43,10
"2022-10-24","N05",100.776000000002,91.05333944,"Mon",43,10
"2022-10-25","N05",108.732,87.1715139800001,"Tue",43,10
"2022-10-26","N05",71.3489999999983,88.34505422,"Wed",43,10
"2022-10-27","N05",87.9765000000007,85.6877275400001,"Thu",43,10
"2022-10-28","N05",129.116999999998,86.80831106,"Fri",43,10
"2022-10-29","N05",47.1154999999999,89.17337696,"Sat",44,10
"2022-10-30","N05",405.274000000001,90.6136989800001,"Sun",44,10
"2022-10-31","N05",87.4004999999998,89.7723870800001,"Mon",44,10
"2022-11-01","N05",42.2265000000007,88.7972387000001,"Tue",44,11
"2022-11-02","N05",90.6949999999997,89.3965483400001,"Wed",44,11
"2022-11-03","N05",56.1219999999994,88.74844106,"Thu",44,11
"2022-11-04","N05",43.3460000000014,89.14261154,"Fri",44,11
"2022-11-05","N05",70.6399999999994,91.1016203000001,"Sat",45,11
"2022-11-06","N05",81.3025000000016,89.35912112,"Sun",45,11
"2022-11-07","N05",26.2924999999996,84.7607806400001,"Mon",45,11
"2022-11-08","N05",110.2745,84.6821361200001,"Tue",45,11
"2022-11-09","N05",67.8199999999997,86.2810851200001,"Wed",45,11
"2022-11-10","N05",29.2534999999989,87.48159962,"Thu",45,11
"2022-11-11","N05",81.1919999999991,89.6888598800001,"Fri",45,11
"2022-11-12","N05",33.6825000000026,88.3182646400001,"Sat",46,11
"2022-11-13","N05",20.5449999999983,86.5487609600001,"Sun",46,11
"2022-11-14","N05",87.4825000000019,86.17259354,"Mon",46,11
"2022-11-15","N05",40.7334999999985,85.48942766,"Tue",46,11
"2022-11-16","N05",61.6235000000015,84.45804638,"Wed",46,11
"2022-11-17","N05",32.6674999999995,86.39005046,"Thu",46,11
"2022-11-18","N05",85.6100000000006,83.88479354,"Fri",46,11
"2022-11-19","N05",47.4490000000005,83.8914261800001,"Sat",47,11
"2022-11-20","N05",154.790499999999,86.7984339200001,"Sun",47,11
"2022-11-21","N05",31.4079999999995,86.74300364,"Mon",47,11
"2022-11-22","N05",27.6234999999979,85.02419282,"Tue",47,11
"2022-11-23","N05",93.3714999999975,85.09952102,"Wed",47,11
"2022-11-24","N05",36.2510000000002,83.8132554200001,"Thu",47,11
"2022-11-25","N05",61.0620000000017,82.8159850400001,"Fri",47,11
"2022-11-26","N05",92.2845000000016,84.0060768200001,"Sat",48,11
"2022-11-27","N05",85.012999999999,82.17877424,"Sun",48,11
"2022-11-28","N05",22.119999999999,84.07287734,"Mon",48,11
"2022-11-29","N05",27.9749999999985,85.2160667,"Tue",48,11
"2022-11-30","N05",34.9665000000023,85.4363663600001,"Wed",48,11
"2022-12-01","N05",28.3394999999982,83.7599869400001,"Thu",48,12
"2022-12-03","N05",54.3359999999993,82.22878634,"Sat",49,12
"2022-12-05","N05",15.445499999998,81.0870533600001,"Mon",49,12
"2022-12-06","N05",46.4290000000001,81.6871184600001,"Tue",49,12
"2022-12-07","N05",39.9215000000004,83.42937626,"Wed",49,12
"2022-12-08","N05",52.5070000000014,82.7001017600001,"Thu",49,12
"2022-12-09","N05",20.2879999999968,82.75206146,"Fri",49,12
"2022-12-10","N05",235.787500000002,83.4942110000001,"Sat",50,12
"2022-12-11","N05",23.793999999998,82.34282174,"Sun",50,12
"2022-12-12","N05",52.4595000000009,82.1087733200001,"Mon",50,12
"2022-12-13","N05",67.7024999999994,81.67240418,"Tue",50,12
"2022-12-14","N05",63.625,82.1437196000001,"Wed",50,12
"2022-12-15","N05",39.1965000000018,80.93715206,"Thu",50,12
"2022-12-16","N05",46.2720000000009,80.2832880200001,"Fri",50,12
"2022-12-17","N05",84.4424999999974,82.17682664,"Sat",51,12
"2022-12-18","N05",70.7510000000002,81.2843160800001,"Sun",51,12
"2022-12-20","N05",105.321499999998,79.66804892,"Tue",51,12
"2022-12-22","N05",78.1430000000001,76.89533432,"Thu",51,12
"2022-12-23","N05",104.727500000001,76.2741176000001,"Fri",51,12
"2022-12-24","N05",99.7999999999992,75.97523462,"Sat",52,12
"2022-12-25","N05",74.9710000000014,74.8298229800001,"Sun",52,12
"2022-12-26","N05",61.1774999999979,75.5420840600001,"Mon",52,12
"2022-12-27","N05",111.2585,76.2842336,"Tue",52,12
"2022-12-28","N05",129.308500000003,77.38504268,"Wed",52,12
"2022-12-29","N05",59.132999999998,79.8740481200001,"Thu",52,12
"2022-12-30","N05",135.4555,78.2485845800001,"Fri",52,12
"2022-12-31","N05",50.8215000000018,75.82717256,"Sat",53,12
"2023-01-01","N05",25.357,77.6736478400001,"Sun",1,1
"2023-01-02","N05",34.8244999999988,78.9742119200001,"Mon",1,1
"2023-01-03","N05",60.6945000000014,76.75992644,"Tue",1,1
"2023-01-04","N05",77.1239999999998,73.5042237800001,"Wed",1,1
"2023-01-05","N05",62.9099999999998,72.11566778,"Thu",1,1
"2023-01-06","N05",81.4459999999999,74.5155948200001,"Fri",1,1
"2023-01-07","N05",184.691999999999,76.79533784,"Sat",1,1
"2023-01-08","N05",337.941500000001,76.72773416,"Sun",2,1
"2023-01-09","N05",118.754999999997,76.4921948,"Mon",2,1
"2023-01-10","N05",130.699,76.94503142,"Tue",2,1
"2023-01-11","N05",97.7940000000017,77.90811422,"Wed",2,1
"2023-01-12","N05",110.643499999998,73.2676112600001,"Thu",2,1
"2023-01-13","N05",99.2455000000009,70.9996721,"Fri",2,1
"2023-01-14","N05",174.895499999999,69.9646935200001,"Sat",2,1
"2023-01-15","N05",204.721000000001,68.8444055600001,"Sun",3,1
"2023-01-16","N05",86.7649999999994,71.61776204,"Mon",3,1
"2023-01-17","N05",154.713500000002,73.5557313200001,"Tue",3,1
"2023-01-18","N05",35.143,75.4947735800001,"Wed",3,1
"2023-01-19","N05",48,75.9116624,"Thu",3,1
"2023-01-20","N05",148.843000000001,71.72453264,"Fri",3,1
"2023-01-21","N05",174.57,71.46323942,"Sat",3,1
"2023-01-22","N05",155.786499999998,70.26354428,"Sun",4,1
"2023-01-23","N05",167.233499999998,70.66970222,"Mon",4,1
"2023-01-24","N05",26.6305000000029,68.9983914200001,"Tue",4,1
"2023-01-25","N05",63.9935000000005,68.72797724,"Wed",4,1
"2023-01-26","N05",101.984999999997,71.25667304,"Thu",4,1
"2023-01-27","N05",97.5794999999998,71.05761806,"Fri",4,1
"2023-01-28","N05",254.469000000001,74.51344868,"Sat",4,1
"2023-01-29","N05",110.948,73.35989546,"Sun",5,1
"2023-01-30","N05",99.2479999999996,75.73567838,"Mon",5,1
"2023-01-31","N05",58.5845000000008,76.4798543600001,"Tue",5,1
"2023-02-01","N05",49.414499999999,77.5600286,"Wed",5,2
"2023-02-09","N05",45.9205000000002,80.7868076,"Thu",6,2
"2023-02-10","N05",80.867000000002,79.4643044,"Fri",6,2
"2023-02-11","N05",63.8875000000007,85.65786662,"Sat",6,2
"2023-02-13","N05",101.4375,82.48385912,"Mon",7,2
"2023-02-14","N05",74.469000000001,83.4536948000001,"Tue",7,2
"2023-02-15","N05",86.6064999999981,83.7851250200001,"Wed",7,2
"2023-02-16","N05",31.1295000000027,86.8194813200001,"Thu",7,2
"2023-02-17","N05",55.0139999999992,91.6390562,"Fri",7,2
"2023-02-18","N05",47.7649999999994,89.3685981200001,"Sat",7,2
"2023-02-19","N05",64.2194999999992,87.9180278000001,"Sun",8,2
"2023-02-20","N05",105.881000000001,86.1759275000001,"Mon",8,2
"2023-02-21","N05",40.3885000000009,87.99525428,"Tue",8,2
"2023-02-22","N05",35.8760000000002,80.3929526600001,"Wed",8,2
"2023-02-24","N05",38.8764999999985,82.04817308,"Fri",8,2
"2023-02-25","N05",39.9730000000018,84.6809519,"Sat",8,2
"2023-02-26","N05",42.9434999999976,86.1778581800001,"Sun",9,2
"2023-02-27","N05",25.1570000000029,87.6586755200001,"Mon",9,2
"2023-02-28","N05",22.6594999999979,87.41669936,"Tue",9,2
"2023-03-01","N05",132.780999999999,87.33755858,"Wed",9,3
"2023-03-02","N05",38.197500000002,90.03745562,"Thu",9,3
"2023-03-03","N05",99.8554999999978,89.8169813600001,"Fri",9,3
"2023-03-05","N05",88.0760000000009,91.79603708,"Sun",10,3
"2023-03-06","N05",123.935999999998,90.8620187,"Mon",10,3
"2023-03-07","N05",134.5105,90.2693966,"Tue",10,3
"2023-03-08","N05",147.648000000001,92.2489736,"Wed",10,3
"2023-03-09","N05",96.9749999999986,92.45068394,"Thu",10,3
"2023-03-10","N05",108.617000000002,93.27316226,"Fri",10,3
"2023-03-24","N05",227.518500000002,81.48951932,"Fri",12,3
"2023-03-25","N05",239.7055,82.87908026,"Sat",12,3
"2023-03-26","N05",382.661499999998,85.4762977400001,"Sun",13,3
"2023-03-27","N05",224.287500000002,86.2179875600001,"Mon",13,3
"2023-03-28","N05",376.780499999997,84.3744479,"Tue",13,3
"2023-03-29","N05",123.459000000003,85.0509856400001,"Wed",13,3
"2023-03-30","N05",107.727500000001,83.3789260400001,"Thu",13,3
"2023-03-31","N05",144.560999999998,86.2258056800001,"Fri",13,3
"2023-04-01","N05",79.9285000000018,86.34992612,"Sat",13,4
"2023-04-02","N05",97.570499999998,85.92570356,"Sun",14,4
"2023-04-03","N05",82.450499999999,86.63803988,"Mon",14,4
"2023-04-04","N05",252.973000000002,86.52080732,"Tue",14,4
"2023-04-05","N05",57.8764999999985,88.9638126800001,"Wed",14,4
"2023-04-06","N05",62.482,89.41684676,"Thu",14,4
"2023-04-07","N05",175.998000000003,92.60845088,"Fri",14,4
"2023-04-08","N05",83.0249999999978,93.6749681600001,"Sat",14,4
"2023-04-09","N05",56.4484999999986,91.4132759,"Sun",15,4
"2023-04-10","N05",187.897000000001,86.77116824,"Mon",15,4
"2023-04-11","N05",103.352499999997,87.61911656,"Tue",15,4
"2023-04-12","N05",64.6065000000017,94.6764116600001,"Wed",15,4
"2023-04-13","N05",64.0885000000053,94.27802,"Thu",15,4
"2023-04-14","N05",301.002499999995,92.0878592000001,"Fri",15,4
"2023-04-27","N05",117.487500000003,88.0160180000001,"Thu",17,4
"2023-04-28","N05",173.280999999995,85.9639532,"Fri",17,4
"2023-04-29","N05",29.1529999999984,87.62458082,"Sat",17,4
"2023-04-30","N05",41.8365000000049,86.4631846400001,"Sun",18,4
"2023-05-01","N05",95.7955000000001,89.3144345,"Mon",18,5
"2023-05-02","N05",134.752499999995,91.6757956400001,"Tue",18,5
"2023-05-03","N05",110.730000000003,91.24735316,"Wed",18,5
"2023-05-04","N05",79.9530000000013,91.8686652800001,"Thu",18,5
"2023-05-05","N05",295.224499999997,92.93906768,"Fri",18,5
"2023-05-06","N05",456.485500000003,93.3529627400001,"Sat",18,5
"2023-05-07","N05",264.3825,91.42145186,"Sun",19,5
"2023-05-08","N05",286.188000000002,94.9362760400001,"Mon",19,5
"2023-05-09","N05",174.557000000001,93.34357736,"Tue",19,5
"2023-05-10","N05",309.879499999995,98.2765322600001,"Wed",19,5
"2023-05-11","N05",131.8125,99.3774371,"Thu",19,5
"2023-05-12","N05",314.840499999998,96.59608034,"Fri",19,5
"2023-05-13","N05",138.391500000005,96.4581152,"Sat",19,5
"2023-05-14","N05",150.625999999997,92.6443666400001,"Sun",20,5
"2023-05-15","N05",77.6074999999983,92.4763685,"Mon",20,5
"2023-05-16","N05",53.7520000000004,92.42474882,"Tue",20,5
"2023-05-17","N05",259.868999999999,91.8766427000001,"Wed",20,5
"2023-05-18","N05",195.816500000001,92.4622903400001,"Thu",20,5
"2023-05-19","N05",216.769,92.95126862,"Fri",20,5
"2023-05-20","N05",222.811500000003,91.88555882,"Sat",20,5
"2023-05-21","N05",171.787499999999,92.11550072,"Sun",21,5
"2023-05-22","N05",498.106,91.9296701600001,"Mon",21,5
"2023-05-23","N05",83.8715000000011,92.72648876,"Tue",21,5
"2022-03-10","N07",315.933461538461,90.3408501200001,"Thu",10,3
"2022-03-12","N07",297.828461538462,95.40651524,"Sat",11,3
"2022-03-17","N07",220.620769230769,89.7435964400001,"Thu",11,3
"2022-03-20","N07",238.25,89.8315203200001,"Sun",12,3
"2022-03-22","N07",224.026153846154,82.8987310400001,"Tue",12,3
"2022-03-25","N07",326.767307692308,96.66822128,"Fri",12,3
"2022-03-26","N07",325.585384615385,96.4433876000001,"Sat",13,3
"2022-03-27","N07",283.649230769231,98.3846188400001,"Sun",13,3
"2022-03-28","N07",305.242307692307,91.9636716200001,"Mon",13,3
"2022-03-30","N07",298.466923076923,101.1950393,"Wed",13,3
"2022-03-31","N07",295.681923076923,98.82549374,"Thu",13,3
"2022-04-01","N07",403.791923076923,100.15752974,"Fri",13,4
"2022-04-03","N07",494.217692307692,97.34213642,"Sun",14,4
"2022-04-04","N07",426.128076923076,91.9610805200001,"Mon",14,4
"2022-04-05","N07",359.876538461539,95.7803568800001,"Tue",14,4
"2022-04-06","N07",343.075,96.0526896800001,"Wed",14,4
"2022-04-12","N07",355.363076923077,90.13137818,"Tue",15,4
"2022-04-13","N07",376.995,91.1286458600001,"Wed",15,4
"2022-06-10","N07",220.642307692308,89.36015252,"Fri",23,6
"2022-06-11","N07",224.30076923077,89.9457764000001,"Sat",24,6
"2022-06-12","N07",136.585384615386,90.45072734,"Sun",24,6
"2022-06-13","N07",212.890384615383,91.5760362200001,"Mon",24,6
"2022-06-14","N07",169.43423076923,91.9749178400001,"Tue",24,6
"2022-06-15","N07",166.685000000002,92.26548878,"Wed",24,6
"2022-06-16","N07",269.042692307692,91.29517592,"Thu",24,6
"2022-06-17","N07",197.980769230769,90.16389122,"Fri",24,6
"2022-06-18","N07",220.507307692308,90.0313043,"Sat",25,6
"2022-06-19","N07",223.854999999999,90.6173015000001,"Sun",25,6
"2022-06-20","N07",247.035384615384,87.9849825800001,"Mon",25,6
"2022-06-21","N07",187.380384615385,91.4232812,"Tue",25,6
"2022-06-22","N07",196.045384615384,92.3181501200001,"Wed",25,6
"2022-06-23","N07",190.908461538461,99.4853181200001,"Thu",25,6
"2022-06-24","N07",200.823076923078,97.8065051,"Fri",25,6
"2022-06-25","N07",166.926923076922,92.7226337,"Sat",26,6
"2022-06-26","N07",139.473846153846,95.89239698,"Sun",26,6
"2022-06-27","N07",170.451538461538,93.98052968,"Mon",26,6
"2022-06-28","N07",178.364230769232,95.68137812,"Tue",26,6
"2022-06-29","N07",197.028461538461,92.95008584,"Wed",26,6
"2022-06-30","N07",167.009615384615,91.6417695200001,"Thu",26,6
"2022-07-01","N07",111.06423076923,92.10062696,"Fri",26,7
"2022-07-02","N07",194.365384615385,90.4133442200001,"Sat",27,7
"2022-07-03","N07",154.226923076924,90.74852186,"Sun",27,7
"2022-07-04","N07",225.135769230768,92.06407076,"Mon",27,7
"2022-07-05","N07",198.220384615386,90.9683339000001,"Tue",27,7
"2022-07-06","N07",199.757692307691,89.01328892,"Wed",27,7
"2022-07-07","N07",271.663076923079,91.9351743800001,"Thu",27,7
"2022-07-08","N07",254.182307692307,89.59296596,"Fri",27,7
"2022-07-09","N07",201.795769230769,83.71453748,"Sat",28,7
"2022-07-10","N07",222.651538461539,85.84168172,"Sun",28,7
"2022-07-13","N07",204.892307692308,89.1701956400001,"Wed",28,7
"2022-07-14","N07",281.783076923076,93.3689373800001,"Thu",28,7
"2022-07-15","N07",404.321923076923,91.22114156,"Fri",28,7
"2022-07-16","N07",199.499615384615,87.8976123800001,"Sat",29,7
"2022-07-17","N07",197.376153846155,88.9188125000001,"Sun",29,7
"2022-07-23","N07",153.400384615386,87.1453616000001,"Sat",30,7
"2022-07-25","N07",169.631153846155,82.92430616,"Mon",30,7
"2022-07-26","N07",294.398461538461,84.14514122,"Tue",30,7
"2022-07-27","N07",245.515384615381,83.89636916,"Wed",30,7
"2022-07-28","N07",320.752692307695,83.58326744,"Thu",30,7
"2022-07-30","N07",263.459999999999,84.9090236,"Sat",31,7
"2022-08-05","N07",201.10353846154,88.93586624,"Fri",31,8
"2022-08-06","N07",275.603538461544,86.6629664600001,"Sat",32,8
"2022-08-07","N07",228.879307692315,89.8789937000001,"Sun",32,8
"2022-08-08","N07",380.719076923072,92.02560404,"Mon",32,8
"2022-08-09","N07",348.023999999998,93.97469264,"Tue",32,8
"2022-08-10","N07",321.578538461544,94.5016246400001,"Wed",32,8
"2022-08-11","N07",291.697538461536,95.65689344,"Thu",32,8
"2022-08-13","N07",269.971615384619,83.4139670000001,"Sat",33,8
"2022-08-14","N07",190.293076923077,84.7773336200001,"Sun",33,8
"2022-08-15","N07",317.380461538461,86.6573673800001,"Mon",33,8
"2022-08-16","N07",193.729461538462,86.97029162,"Tue",33,8
"2022-08-17","N07",218.404153846151,85.8408404,"Wed",33,8
"2022-08-18","N07",306.435615384615,82.7181305600001,"Thu",33,8
"2022-08-19","N07",274.78030769231,83.54336702,"Fri",33,8
"2022-08-20","N07",344.985999999998,82.9865735600001,"Sat",34,8
"2022-08-21","N07",259.653923076922,84.0513245000001,"Sun",34,8
"2022-08-22","N07",349.181461538466,86.2346397200001,"Mon",34,8
"2022-08-23","N07",200.157384615383,84.0279952400001,"Tue",34,8
"2022-08-24","N07",363.127615384614,81.6468472400001,"Wed",34,8
"2022-08-25","N07",414.581769230771,82.41204956,"Thu",34,8
"2022-08-26","N07",194.543384615386,83.7601743200001,"Fri",34,8
"2022-08-27","N07",178.844615384614,83.89610672,"Sat",35,8
"2022-08-28","N07",153.915846153847,83.57416178,"Sun",35,8
"2022-08-29","N07",160.343307692307,83.93872154,"Mon",35,8
"2022-08-30","N07",314.482999999998,85.63274276,"Tue",35,8
"2022-08-31","N07",221.526769230769,85.8619923800001,"Wed",35,8
"2022-06-17","N08",57.795,90.16389122,"Fri",24,6
"2022-06-18","N08",89.2308333333333,90.0313043,"Sat",25,6
"2022-06-19","N08",30.6491666666667,90.6173015000001,"Sun",25,6
"2022-06-20","N08",65.2933333333334,87.9849825800001,"Mon",25,6
"2022-06-21","N08",75.2608333333333,91.4232812,"Tue",25,6
"2022-06-22","N08",86.5958333333333,92.3181501200001,"Wed",25,6
"2022-06-23","N08",46.9808333333334,99.4853181200001,"Thu",25,6
"2022-06-24","N08",94.3133333333334,97.8065051,"Fri",25,6
"2022-06-25","N08",59.2808333333333,92.7226337,"Sat",26,6
"2022-06-26","N08",36.8408333333333,95.89239698,"Sun",26,6
"2022-06-27","N08",53.1499999999999,93.98052968,"Mon",26,6
"2022-06-28","N08",68.9575,95.68137812,"Tue",26,6
"2022-06-29","N08",53.3775000000001,92.95008584,"Wed",26,6
"2022-06-30","N08",61.8841666666667,91.6417695200001,"Thu",26,6
"2022-07-01","N08",100.0325,92.10062696,"Fri",26,7
"2022-07-02","N08",83.8625,90.4133442200001,"Sat",27,7
"2022-07-03","N08",40.3283333333332,90.74852186,"Sun",27,7
"2022-07-04","N08",74.7091666666667,92.06407076,"Mon",27,7
"2022-07-05","N08",41.6133333333334,90.9683339000001,"Tue",27,7
"2022-07-06","N08",58.52,89.01328892,"Wed",27,7
"2022-07-07","N08",67.2908333333335,91.9351743800001,"Thu",27,7
"2022-07-08","N08",86.6158333333333,89.59296596,"Fri",27,7
"2022-07-09","N08",46.4533333333332,83.71453748,"Sat",28,7
"2022-07-10","N08",42.0816666666666,85.84168172,"Sun",28,7
"2022-07-11","N08",36.0200000000001,83.5068318800001,"Mon",28,7
"2022-07-12","N08",87.8116666666665,86.94525182,"Tue",28,7
"2022-07-13","N08",44.9416666666669,89.1701956400001,"Wed",28,7
"2022-07-20","N08",88.625,86.89160444,"Wed",29,7
"2022-07-21","N08",58.1466666666665,86.95545908,"Thu",29,7
"2022-07-22","N08",55.39,86.65683764,"Fri",29,7
"2022-07-23","N08",83.1458333333333,87.1453616000001,"Sat",30,7
"2022-07-24","N08",57.6258333333335,82.8530927600001,"Sun",30,7
"2022-07-25","N08",43.1308333333333,82.92430616,"Mon",30,7
"2022-07-26","N08",109.9525,84.14514122,"Tue",30,7
"2022-07-27","N08",82.4116666666662,83.89636916,"Wed",30,7
"2022-07-28","N08",97.251666666667,83.58326744,"Thu",30,7
"2022-07-29","N08",73.0699999999997,85.5705959600001,"Fri",30,7
"2022-07-30","N08",96.4583333333333,84.9090236,"Sat",31,7
"2022-07-31","N08",62.3575000000001,85.884647,"Sun",31,7
"2022-08-01","N08",67.9441666666668,85.09025786,"Mon",31,8
"2022-08-03","N08",88.0608333333336,87.04027958,"Wed",31,8
"2022-08-04","N08",60.5024999999999,88.51842662,"Thu",31,8
"2022-08-05","N08",90.7658333333335,88.93586624,"Fri",31,8
"2022-08-06","N08",82.9416666666663,86.6629664600001,"Sat",32,8
"2022-08-07","N08",40.7648333333333,89.8789937000001,"Sun",32,8
"2022-08-08","N08",83.7255000000005,92.02560404,"Mon",32,8
"2022-08-09","N08",47.6401666666661,93.97469264,"Tue",32,8
"2022-08-10","N08",136.254833333334,94.5016246400001,"Wed",32,8
"2022-08-11","N08",83.5568333333334,95.65689344,"Thu",32,8
"2022-08-13","N08",195.320166666667,83.4139670000001,"Sat",33,8
"2022-08-15","N08",64.4114999999996,86.6573673800001,"Mon",33,8
"2022-08-16","N08",39.8565000000005,86.97029162,"Tue",33,8
"2022-08-17","N08",112.536,85.8408404,"Wed",33,8
"2022-08-18","N08",78.4369999999999,82.7181305600001,"Thu",33,8
"2022-08-19","N08",91.9213333333331,83.54336702,"Fri",33,8
"2022-08-20","N08",42.9014999999999,82.9865735600001,"Sat",34,8
"2022-08-21","N08",47.4708333333334,84.0513245000001,"Sun",34,8
"2022-08-22","N08",77.5691666666668,86.2346397200001,"Mon",34,8
"2022-08-23","N08",82.6078333333335,84.0279952400001,"Tue",34,8
"2022-08-24","N08",71.6471666666669,81.6468472400001,"Wed",34,8
"2022-08-25","N08",119.268,82.41204956,"Thu",34,8
"2022-08-26","N08",99.7714999999989,83.7601743200001,"Fri",34,8
"2022-08-27","N08",77.960500000001,83.89610672,"Sat",35,8
"2022-08-28","N08",61.9676666666661,83.57416178,"Sun",35,8
"2022-08-29","N08",76.314166666667,83.93872154,"Mon",35,8
"2022-08-30","N08",76.2471666666667,85.63274276,"Tue",35,8
"2022-08-31","N08",84.3854999999991,85.8619923800001,"Wed",35,8
"2022-09-01","N08",98.6075000000007,85.76345678,"Thu",35,9
"2022-09-02","N08",94.8824999999997,85.46478872,"Fri",35,9
"2022-09-03","N08",52.1959999999999,85.22468996,"Sat",36,9
"2022-09-04","N08",39.4643333333334,84.5607808400001,"Sun",36,9
"2022-09-05","N08",98.6268333333331,84.4942082,"Mon",36,9
"2022-09-06","N08",111.804,85.89587486,"Tue",36,9
"2022-09-07","N08",64.9416666666669,86.3240507600001,"Wed",36,9
"2022-09-08","N08",63.7388333333329,89.49371648,"Thu",36,9
"2022-09-09","N08",85.6923333333337,96.11134394,"Fri",36,9
"2022-09-10","N08",88.5026666666672,97.8378713600001,"Sat",37,9
"2022-09-11","N08",70.6008333333327,91.23334016,"Sun",37,9
"2022-09-12","N08",89.8163333333335,92.3185131800001,"Mon",37,9
"2022-09-13","N08",70.751666666667,93.8147640800001,"Tue",37,9
"2022-09-14","N08",68.7251666666671,94.2160199,"Wed",37,9
"2022-09-15","N08",50.712499999999,87.67951664,"Thu",37,9
"2022-09-16","N08",88.7780000000009,85.81111268,"Fri",37,9
"2022-09-17","N08",85.6724999999994,85.3665665,"Sat",38,9
"2022-09-18","N08",41.2548333333337,86.88828254,"Sun",38,9
"2022-09-19","N08",89.1176666666664,86.2774862000001,"Mon",38,9
"2022-09-20","N08",135.882333333334,85.71470954,"Tue",38,9
"2022-09-21","N08",87.0790000000003,86.52486038,"Wed",38,9
"2022-09-22","N08",104.319666666666,86.70966368,"Thu",38,9
"2022-09-23","N08",89.0194999999997,86.30731652,"Fri",38,9
"2022-09-24","N08",64.9273333333331,85.29817478,"Sat",39,9
"2022-09-25","N08",56.4501666666668,85.97590772,"Sun",39,9
"2022-09-26","N08",88.5286666666665,85.55719028,"Mon",39,9
"2022-09-27","N08",86.046166666667,86.7245788400001,"Tue",39,9
"2022-09-29","N08",141.3405,86.3633395400001,"Thu",39,9
"2022-04-14","N09",172.708333333333,94.3387565000001,"Thu",15,4
"2022-04-15","N09",151.728333333333,94.5989612600001,"Fri",15,4
"2022-04-16","N09",154.613333333333,93.5608987400001,"Sat",16,4
"2022-04-17","N09",159.971666666667,91.45059422,"Sun",16,4
"2022-04-18","N09",130.245,90.9075821000001,"Mon",16,4
"2022-04-19","N09",137.078333333333,90.0111988400001,"Tue",16,4
"2022-04-20","N09",158.701666666667,94.5802176800001,"Wed",16,4
"2022-04-21","N09",74.3333333333333,94.40932046,"Thu",16,4
"2022-04-22","N09",154.828333333333,91.97541392,"Fri",16,4
"2022-04-23","N09",133.711666666667,91.8833498600001,"Sat",17,4
"2022-04-24","N09",217.378333333333,93.82496234,"Sun",17,4
"2022-04-25","N09",131.706666666667,93.0377327,"Mon",17,4
"2022-04-26","N09",206.361666666667,93.9556160600001,"Tue",17,4
"2022-04-27","N09",224.793333333333,93.90214166,"Wed",17,4
"2022-04-28","N09",85.2299999999999,94.14360284,"Thu",17,4
"2022-04-29","N09",205.378333333333,96.25059968,"Fri",17,4
"2022-04-30","N09",166.155,96.89725256,"Sat",18,4
"2022-05-01","N09",150.756666666667,98.3751018800001,"Sun",18,5
"2022-05-02","N09",158.228333333333,92.08506776,"Mon",18,5
"2022-05-03","N09",161.463333333334,92.7490429400001,"Tue",18,5
"2022-05-04","N09",130.163333333333,91.9866682400001,"Wed",18,5
"2022-05-05","N09",153.45,92.49639548,"Thu",18,5
"2022-05-06","N09",110.365,92.7299834600001,"Fri",18,5
"2022-05-07","N09",131.62,90.62636144,"Sat",19,5
"2022-05-08","N09",161.546666666666,89.9712510800001,"Sun",19,5
"2022-05-09","N09",122.931666666667,91.1086077200001,"Mon",19,5
"2022-05-10","N09",104.758333333333,92.9453986400001,"Tue",19,5
"2022-05-11","N09",174.03,94.4710345400001,"Wed",19,5
"2022-05-12","N09",224.18,95.0268588800001,"Thu",19,5
"2022-05-13","N09",220.014999999999,99.85818668,"Fri",19,5
"2022-05-14","N09",233.376666666667,99.18401684,"Sat",20,5
"2022-05-15","N09",131.821666666667,93.0225227,"Sun",20,5
"2022-05-16","N09",178.386666666667,101.61120506,"Mon",20,5
"2022-05-17","N09",131.923333333333,99.45173444,"Tue",20,5
"2022-05-18","N09",143.09,95.26266302,"Wed",20,5
"2022-05-21","N09",177.041666666667,91.67196704,"Sat",21,5
"2022-05-22","N09",165.416666666667,92.32087208,"Sun",21,5
"2022-05-23","N09",93.1666666666666,100.56028046,"Mon",21,5
"2022-05-24","N09",178.293333333332,94.46837504,"Tue",21,5
"2022-05-26","N09",129.804999999999,90.79567952,"Thu",21,5
"2022-05-27","N09",41.1916666666669,91.42951424,"Fri",21,5
"2022-05-28","N09",34.598333333334,90.8067605000001,"Sat",22,5
"2022-05-29","N09",145.466666666666,91.59750266,"Sun",22,5
"2022-05-30","N09",194.585,90.88477088,"Mon",22,5
"2022-05-31","N09",145.37,91.0208460200001,"Tue",22,5
"2022-06-01","N09",160.225,92.47202564,"Wed",22,6
"2022-06-02","N09",153.358333333334,94.37866412,"Thu",22,6
"2022-06-03","N09",151.375,93.2522349200001,"Fri",22,6
"2022-06-04","N09",136.896666666666,91.7915369000001,"Sat",23,6
"2022-06-05","N09",232.623333333334,91.5853733600001,"Sun",23,6
"2022-06-06","N09",174.086666666666,91.4344856600001,"Mon",23,6
"2022-06-07","N09",136.578333333334,89.2850822600001,"Tue",23,6
"2022-06-08","N09",90.968333333333,90.06118304,"Wed",23,6
"2022-06-09","N09",144.048333333333,89.7246734000001,"Thu",23,6
"2022-06-11","N09",126.431666666667,89.9457764000001,"Sat",24,6
"2022-06-12","N09",163.063333333333,90.45072734,"Sun",24,6
"2022-06-13","N09",54.1483333333332,91.5760362200001,"Mon",24,6
"2022-06-14","N09",156.291666666667,91.9749178400001,"Tue",24,6
"2022-06-15","N09",55.0133333333336,92.26548878,"Wed",24,6
"2022-06-16","N09",103.438333333333,91.29517592,"Thu",24,6
"2022-06-17","N09",202.653333333334,90.16389122,"Fri",24,6
"2022-06-18","N09",185.679999999999,90.0313043,"Sat",25,6
"2022-06-19","N09",150.126666666667,90.6173015000001,"Sun",25,6
"2022-06-20","N09",63.4316666666673,87.9849825800001,"Mon",25,6
"2022-06-21","N09",107.941666666666,91.4232812,"Tue",25,6
"2022-06-22","N09",32.8616666666676,92.3181501200001,"Wed",25,6
"2022-06-23","N09",171.748333333333,99.4853181200001,"Thu",25,6
"2022-06-24","N09",158.108333333334,97.8065051,"Fri",25,6
"2022-06-25","N09",209.908333333333,92.7226337,"Sat",26,6
"2022-06-26","N09",153.045000000001,95.89239698,"Sun",26,6
"2022-06-27","N09",82.4883333333334,93.98052968,"Mon",26,6
"2022-06-28","N09",167.63,95.68137812,"Tue",26,6
"2022-06-29","N09",115.799999999999,92.95008584,"Wed",26,6
"2022-06-30","N09",35.8166666666681,91.6417695200001,"Thu",26,6
"2022-07-02","N09",113.605000000001,90.4133442200001,"Sat",27,7
"2022-07-04","N09",208.701666666665,92.06407076,"Mon",27,7
"2022-07-05","N09",149.890000000002,90.9683339000001,"Tue",27,7
"2022-07-06","N09",124.474999999999,89.01328892,"Wed",27,7
"2022-07-07","N09",138.610000000001,91.9351743800001,"Thu",27,7
"2022-07-08","N09",163.973333333333,89.59296596,"Fri",27,7
"2022-07-09","N09",40.8966666666674,83.71453748,"Sat",28,7
"2022-07-10","N09",128.514999999999,85.84168172,"Sun",28,7
"2022-07-11","N09",80.6383333333336,83.5068318800001,"Mon",28,7
"2022-07-12","N09",122.013333333334,86.94525182,"Tue",28,7
"2022-07-16","N09",47.3216666666655,87.8976123800001,"Sat",29,7
"2022-07-19","N09",109.838333333333,87.5137721000001,"Tue",29,7
"2022-07-21","N09",84.3749999999976,86.95545908,"Thu",29,7
"2022-07-22","N09",145.986666666674,86.65683764,"Fri",29,7
"2022-07-23","N09",130.479999999998,87.1453616000001,"Sat",30,7
"2022-07-24","N09",98.8483333333376,82.8530927600001,"Sun",30,7
"2022-08-02","N09",35.0466666666689,85.91238374,"Tue",31,8
"2022-08-04","N09",31.4233333333347,88.51842662,"Thu",31,8
"2022-08-05","N09",54.8789999999984,88.93586624,"Fri",31,8
"2022-08-08","N09",53.3106666666669,92.02560404,"Mon",32,8
"2022-08-14","N09",129.949666666665,84.7773336200001,"Sun",33,8
"2022-08-15","N09",47.0416666666667,86.6573673800001,"Mon",33,8
"2022-08-16","N09",42.5086666666684,86.97029162,"Tue",33,8
"2022-08-17","N09",35.5866666666649,85.8408404,"Wed",33,8
"2022-08-21","N09",92.4780000000003,84.0513245000001,"Sun",34,8
"2022-08-22","N09",95.0613333333337,86.2346397200001,"Mon",34,8
"2022-08-23","N09",88.7546666666652,84.0279952400001,"Tue",34,8
"2022-08-24","N09",99.4333333333343,81.6468472400001,"Wed",34,8
"2022-08-25","N09",45.7769999999994,82.41204956,"Thu",34,8
"2022-08-26","N09",117.326000000001,83.7601743200001,"Fri",34,8
"2022-08-27","N09",78.9269999999984,83.89610672,"Sat",35,8
"2022-08-28","N09",108.700666666669,83.57416178,"Sun",35,8
"2022-08-29","N09",127.820666666667,83.93872154,"Mon",35,8
"2022-08-30","N09",86.0253333333312,85.63274276,"Tue",35,8
"2022-08-31","N09",122.580666666669,85.8619923800001,"Wed",35,8
"2022-09-01","N09",48.1479999999986,85.76345678,"Thu",35,9
"2022-09-02","N09",112.939000000001,85.46478872,"Fri",35,9
"2022-09-03","N09",152.650333333334,85.22468996,"Sat",36,9
"2022-09-04","N09",107.786666666667,84.5607808400001,"Sun",36,9
"2022-09-05","N09",128.407999999998,84.4942082,"Mon",36,9
"2022-09-06","N09",188.848666666667,85.89587486,"Tue",36,9
"2022-09-07","N09",53.8656666666672,86.3240507600001,"Wed",36,9
"2022-09-08","N09",96.6150000000004,89.49371648,"Thu",36,9
"2022-09-09","N09",127.192,96.11134394,"Fri",36,9
"2022-09-12","N09",68.8313333333329,92.3185131800001,"Mon",37,9
"2022-09-13","N09",234.893666666668,93.8147640800001,"Tue",37,9
"2022-09-14","N09",135.088000000001,94.2160199,"Wed",37,9
"2022-09-15","N09",145.337666666666,87.67951664,"Thu",37,9
"2022-09-16","N09",128.891666666665,85.81111268,"Fri",37,9
"2022-09-17","N09",145.686000000002,85.3665665,"Sat",38,9
"2022-09-18","N09",123.878999999998,86.88828254,"Sun",38,9
"2022-09-19","N09",120.838333333333,86.2774862000001,"Mon",38,9
"2022-09-20","N09",123.855333333335,85.71470954,"Tue",38,9
"2022-09-21","N09",137.665666666665,86.52486038,"Wed",38,9
"2022-09-22","N09",142.802000000001,86.70966368,"Thu",38,9
"2022-09-23","N09",90.5886666666653,86.30731652,"Fri",38,9
"2022-09-24","N09",170.647333333334,85.29817478,"Sat",39,9
"2022-09-25","N09",106.913666666667,85.97590772,"Sun",39,9
"2022-09-26","N09",110.877666666665,85.55719028,"Mon",39,9
"2022-09-27","N09",131.652000000002,86.7245788400001,"Tue",39,9
"2022-09-28","N09",150.618,86.12178584,"Wed",39,9
"2022-09-29","N09",193.222333333334,86.3633395400001,"Thu",39,9
"2022-09-30","N09",94.5669999999979,86.6310859400001,"Fri",39,9
"2022-10-01","N09",96.1023333333336,86.8317918800001,"Sat",40,10
"2022-10-02","N09",115.358666666667,86.66792582,"Sun",40,10
"2022-10-03","N09",82.1720000000011,87.6041601800001,"Mon",40,10
"2022-10-04","N09",129.958666666666,87.8389682,"Tue",40,10
"2022-10-05","N09",202.799000000001,88.95105878,"Wed",40,10
"2022-10-06","N09",237.898666666665,89.23182908,"Thu",40,10
"2022-10-07","N09",145.766000000001,94.42658066,"Fri",40,10
"2022-10-08","N09",101.336999999997,99.4130027600001,"Sat",41,10
"2022-10-09","N09",150.278333333335,96.2790657800001,"Sun",41,10
"2022-10-10","N09",133.758999999998,94.93516472,"Mon",41,10
"2022-10-12","N09",127.993666666667,93.39242648,"Wed",41,10
"2022-10-13","N09",173.332,91.6458548,"Thu",41,10
"2022-10-14","N09",159.822999999999,92.2078952600001,"Fri",41,10
"2022-10-15","N09",166.575333333334,93.5303136800001,"Sat",42,10
"2022-10-16","N09",159.740666666667,93.79859432,"Sun",42,10
"2022-10-17","N09",164.346333333332,95.19745028,"Mon",42,10
"2022-10-18","N09",184.774333333335,90.25649114,"Tue",42,10
"2022-10-19","N09",150.266333333333,88.28860046,"Wed",42,10
"2022-10-20","N09",177.976666666667,87.98834606,"Thu",42,10
"2022-10-21","N09",250.012333333332,92.6585267,"Fri",42,10
"2022-10-22","N09",211.392666666667,94.8312498200001,"Sat",43,10
"2022-10-23","N09",179.832,93.20308124,"Sun",43,10
"2022-10-24","N09",243.898666666665,91.05333944,"Mon",43,10
"2022-10-25","N09",214.31766666667,87.1715139800001,"Tue",43,10
"2022-10-26","N09",241.601,88.34505422,"Wed",43,10
"2022-10-27","N09",122.565666666667,85.6877275400001,"Thu",43,10
"2022-10-28","N09",194.414666666664,86.80831106,"Fri",43,10
"2022-10-29","N09",165.835000000002,89.17337696,"Sat",44,10
"2022-10-30","N09",152.244333333336,90.6136989800001,"Sun",44,10
"2022-10-31","N09",148.351,89.7723870800001,"Mon",44,10
"2022-11-01","N09",187.313666666664,88.7972387000001,"Tue",44,11
"2022-11-02","N09",180.961000000001,89.3965483400001,"Wed",44,11
"2022-11-04","N09",191.154,89.14261154,"Fri",44,11
"2022-11-05","N09",187.612000000003,91.1016203000001,"Sat",45,11
"2022-11-06","N09",164.677666666665,89.35912112,"Sun",45,11
"2022-11-07","N09",137.631666666668,84.7607806400001,"Mon",45,11
"2022-11-08","N09",252.709999999997,84.6821361200001,"Tue",45,11
"2022-11-09","N09",207.762000000002,86.2810851200001,"Wed",45,11
"2022-11-10","N09",191.323999999998,87.48159962,"Thu",45,11
"2022-11-11","N09",81.2966666666665,89.6888598800001,"Fri",45,11
"2022-11-12","N09",130.907666666666,88.3182646400001,"Sat",46,11
"2022-11-14","N09",239.314333333333,86.17259354,"Mon",46,11
"2022-11-15","N09",97.2930000000003,85.48942766,"Tue",46,11
"2022-11-16","N09",83.9039999999998,84.45804638,"Wed",46,11
"2022-11-17","N09",109.673999999999,86.39005046,"Thu",46,11
"2022-11-18","N09",170.823666666659,83.88479354,"Fri",46,11
"2022-11-19","N09",70.9213333333367,83.8914261800001,"Sat",47,11
"2022-11-20","N09",179.843000000003,86.7984339200001,"Sun",47,11
"2022-11-21","N09",179.946666666665,86.74300364,"Mon",47,11
"2022-11-22","N09",146.690666666662,85.02419282,"Tue",47,11
"2022-11-23","N09",119.220000000006,85.09952102,"Wed",47,11
"2022-11-24","N09",153.493999999996,83.8132554200001,"Thu",47,11
"2022-11-25","N09",128.970333333336,82.8159850400001,"Fri",47,11
"2022-11-26","N09",157.893999999986,84.0060768200001,"Sat",48,11
"2022-11-27","N09",98.8136666666736,82.17877424,"Sun",48,11
"2022-11-28","N09",205.593666666668,84.07287734,"Mon",48,11
"2022-11-29","N09",167.146666666667,85.2160667,"Tue",48,11
"2022-11-30","N09",125.148333333331,85.4363663600001,"Wed",48,11
"2022-12-01","N09",115.361,83.7599869400001,"Thu",48,12
"2022-12-02","N09",106.254333333335,80.6079209000001,"Fri",48,12
"2022-12-03","N09",163.394666666665,82.22878634,"Sat",49,12
"2022-12-04","N09",110.976,82.57273178,"Sun",49,12
"2022-12-05","N09",163.083000000004,81.0870533600001,"Mon",49,12
"2022-12-06","N09",135.963333333333,81.6871184600001,"Tue",49,12
"2022-12-07","N09",135.324333333333,83.42937626,"Wed",49,12
"2022-12-08","N09",160.462333333334,82.7001017600001,"Thu",49,12
"2022-12-09","N09",141.910999999998,82.75206146,"Fri",49,12
"2022-12-10","N09",176.163999999999,83.4942110000001,"Sat",50,12
"2022-12-11","N09",160.366999999998,82.34282174,"Sun",50,12
"2022-12-12","N09",207.397333333337,82.1087733200001,"Mon",50,12
"2022-12-13","N09",58.3243333333327,81.67240418,"Tue",50,12
"2022-12-14","N09",98.2806666666681,82.1437196000001,"Wed",50,12
"2022-12-15","N09",107.067999999999,80.93715206,"Thu",50,12
"2022-12-16","N09",109.684333333333,80.2832880200001,"Fri",50,12
"2022-12-17","N09",93.5736666666635,82.17682664,"Sat",51,12
"2022-12-18","N09",119.965666666671,81.2843160800001,"Sun",51,12
"2022-12-19","N09",134.743666666667,80.13062768,"Mon",51,12
"2022-12-20","N09",127.271333333333,79.66804892,"Tue",51,12
"2022-12-21","N09",155.226,79.1268407600001,"Wed",51,12
"2022-12-22","N09",110.223666666667,76.89533432,"Thu",51,12
"2022-12-23","N09",95.6226666666626,76.2741176000001,"Fri",51,12
"2022-12-24","N09",135.893333333336,75.97523462,"Sat",52,12
"2022-12-25","N09",132.456000000001,74.8298229800001,"Sun",52,12
"2022-12-26","N09",126.179999999998,75.5420840600001,"Mon",52,12
"2022-12-27","N09",75.1573333333363,76.2842336,"Tue",52,12
"2022-12-28","N09",80.910666666663,77.38504268,"Wed",52,12
"2022-12-30","N09",93.3840000000006,78.2485845800001,"Fri",52,12
"2022-12-31","N09",82.5036666666662,75.82717256,"Sat",53,12
"2023-01-01","N09",48.5883333333331,77.6736478400001,"Sun",1,1
"2023-01-02","N09",50.5833333333333,78.9742119200001,"Mon",1,1
"2023-01-03","N09",88.1680000000003,76.75992644,"Tue",1,1
"2023-01-04","N09",74.5900000000014,73.5042237800001,"Wed",1,1
"2023-01-07","N09",80.2113333333303,76.79533784,"Sat",1,1
"2023-01-09","N09",92.207666666669,76.4921948,"Mon",2,1
"2023-01-10","N09",107.630666666664,76.94503142,"Tue",2,1
"2023-01-11","N09",137.465000000001,77.90811422,"Wed",2,1
"2023-01-12","N09",123.423666666664,73.2676112600001,"Thu",2,1
"2023-01-13","N09",87.1689999999993,70.9996721,"Fri",2,1
"2023-01-14","N09",162.814333333333,69.9646935200001,"Sat",2,1
"2023-01-16","N09",144.538999999999,71.61776204,"Mon",3,1
"2023-01-17","N09",120.529,73.5557313200001,"Tue",3,1
"2023-01-19","N09",109.099666666666,75.9116624,"Thu",3,1
"2023-01-20","N09",117.527000000002,71.72453264,"Fri",3,1
"2023-01-21","N09",123.509666666665,71.46323942,"Sat",3,1
"2023-01-23","N09",66.7313333333344,70.66970222,"Mon",4,1
"2023-01-25","N09",118.421000000002,68.72797724,"Wed",4,1
"2023-01-27","N09",85.3620000000034,71.05761806,"Fri",4,1
"2023-01-29","N09",97.0616666666707,73.35989546,"Sun",5,1
"2023-01-30","N09",73.8893333333302,75.73567838,"Mon",5,1
"2023-01-31","N09",95.7666666666676,76.4798543600001,"Tue",5,1
"2023-02-02","N09",102.779,78.5163497,"Thu",5,2
"2023-02-04","N09",107.774666666664,80.91937976,"Sat",5,2
"2023-02-05","N09",193.743333333332,78.7190691200001,"Sun",6,2
"2023-02-06","N09",135.657000000002,85.260794,"Mon",6,2
"2023-02-12","N09",111.863666666667,83.971112,"Sun",7,2
"2023-02-13","N09",105.10066666667,82.48385912,"Mon",7,2
"2023-02-14","N09",146.42833333333,83.4536948000001,"Tue",7,2
"2023-02-17","N09",141.168333333335,91.6390562,"Fri",7,2
"2023-02-21","N09",148.876999999998,87.99525428,"Tue",8,2
"2023-02-22","N09",147.997333333333,80.3929526600001,"Wed",8,2
"2023-02-23","N09",134.846999999999,82.0925783600001,"Thu",8,2
"2023-02-24","N09",160.098000000003,82.04817308,"Fri",8,2
"2023-02-27","N09",139.222000000004,87.6586755200001,"Mon",9,2
"2023-02-28","N09",158.312666666665,87.41669936,"Tue",9,2
"2023-03-02","N09",137.548333333335,90.03745562,"Thu",9,3
"2023-03-03","N09",115.520333333334,89.8169813600001,"Fri",9,3
"2023-03-04","N09",109.958666666668,90.4492158800001,"Sat",9,3
"2023-03-06","N09",182.283000000001,90.8620187,"Mon",10,3
"2023-03-07","N09",193.665333333333,90.2693966,"Tue",10,3
"2023-03-08","N09",180.572333333335,92.2489736,"Wed",10,3
"2023-03-09","N09",130.756999999998,92.45068394,"Thu",10,3
"2023-03-10","N09",194.085000000002,93.27316226,"Fri",10,3
"2023-03-11","N09",214.433333333334,91.81480082,"Sat",10,3
"2023-03-13","N09",161.162333333336,90.88078244,"Mon",11,3
"2023-03-14","N09",165.743999999996,87.67113674,"Tue",11,3
"2023-03-16","N09",159.63,86.9643683600001,"Thu",11,3
"2023-03-18","N09",238.230666666665,88.39458392,"Sat",11,3
"2023-03-19","N09",131.161000000002,86.5036137200001,"Sun",12,3
"2023-03-20","N09",217.494666666666,84.74294732,"Mon",12,3
"2023-03-22","N09",170.415999999997,83.9324570000001,"Wed",12,3
"2023-03-24","N09",223.865666666665,81.48951932,"Fri",12,3
"2023-03-27","N09",195.633000000002,86.2179875600001,"Mon",13,3
"2023-04-02","N09",154.529333333339,85.92570356,"Sun",14,4
"2023-04-03","N09",210.038,86.63803988,"Mon",14,4
"2023-04-05","N09",149.551333333327,88.9638126800001,"Wed",14,4
"2023-04-07","N09",155.837999999999,92.60845088,"Fri",14,4
"2023-04-08","N09",116.137999999997,93.6749681600001,"Sat",14,4
"2023-04-09","N09",113.570666666667,91.4132759,"Sun",15,4
"2023-04-13","N09",131.761999999998,94.27802,"Thu",15,4
"2023-04-15","N09",182.488666666672,90.43915352,"Sat",15,4
"2023-04-17","N09",168.148666666675,91.2592841,"Mon",16,4
"2023-04-18","N09",96.0996666666664,94.08627536,"Tue",16,4
"2023-04-19","N09",238.511999999998,92.6223598400001,"Wed",16,4
"2023-04-20","N09",168.166999999996,93.7748145200001,"Thu",16,4
"2023-04-21","N09",123.01933333334,91.34522132,"Fri",16,4
"2023-04-22","N09",74.162666666661,91.9125073400001,"Sat",16,4
"2023-04-25","N09",35.7616666666678,91.87028366,"Tue",17,4
"2023-04-29","N09",47.7263333333346,87.62458082,"Sat",17,4
"2023-05-03","N09",87.5470000000011,91.24735316,"Wed",18,5
"2023-05-04","N09",101.873666666671,91.8686652800001,"Thu",18,5
"2023-05-05","N09",45.8476666666684,92.93906768,"Fri",18,5
"2023-05-06","N09",120.657666666666,93.3529627400001,"Sat",18,5
"2023-05-07","N09",104.137333333327,91.42145186,"Sun",19,5
"2023-05-08","N09",131.908333333335,94.9362760400001,"Mon",19,5
"2023-05-09","N09",186.479000000002,93.34357736,"Tue",19,5
"2023-05-10","N09",148.529666666669,98.2765322600001,"Wed",19,5
"2023-05-11","N09",182.717666666664,99.3774371,"Thu",19,5
"2023-05-12","N09",74.6843333333285,96.59608034,"Fri",19,5
"2023-05-13","N09",198.930000000003,96.4581152,"Sat",19,5
"2023-05-14","N09",183.687666666665,92.6443666400001,"Sun",20,5
"2023-05-15","N09",207.84633333333,92.4763685,"Mon",20,5
"2023-05-16","N09",180.009000000001,92.42474882,"Tue",20,5
"2023-05-17","N09",149.313666666674,91.8766427000001,"Wed",20,5
"2023-05-18","N09",165.322333333325,92.4622903400001,"Thu",20,5
"2023-05-19","N09",85.2376666666726,92.95126862,"Fri",20,5
"2023-05-20","N09",143.914666666669,91.88555882,"Sat",20,5
"2023-05-21","N09",209.320666666667,92.11550072,"Sun",21,5
"2023-05-23","N09",97.5116666666678,92.72648876,"Tue",21,5
"2022-06-27","N10",64.7241666666667,93.98052968,"Mon",26,6
"2022-06-28","N10",65.3,95.68137812,"Tue",26,6
"2022-06-30","N10",30.2483333333333,91.6417695200001,"Thu",26,6
"2022-07-01","N10",89.7758333333333,92.10062696,"Fri",26,7
"2022-07-02","N10",77.37,90.4133442200001,"Sat",27,7
"2022-07-03","N10",71.9766666666667,90.74852186,"Sun",27,7
"2022-07-04","N10",77,92.06407076,"Mon",27,7
"2022-07-06","N10",83.9483333333333,89.01328892,"Wed",27,7
"2022-07-07","N10",66.705,91.9351743800001,"Thu",27,7
"2022-07-08","N10",93.2591666666667,89.59296596,"Fri",27,7
"2022-07-09","N10",67.6508333333336,83.71453748,"Sat",28,7
"2022-07-10","N10",73.8350000000002,85.84168172,"Sun",28,7
"2022-07-11","N10",55.38,83.5068318800001,"Mon",28,7
"2022-07-12","N10",65.6624999999999,86.94525182,"Tue",28,7
"2022-07-13","N10",71.4975000000001,89.1701956400001,"Wed",28,7
"2022-07-14","N10",71.0491666666667,93.3689373800001,"Thu",28,7
"2022-07-15","N10",55.9791666666667,91.22114156,"Fri",28,7
"2022-07-16","N10",94.6491666666667,87.8976123800001,"Sat",29,7
"2022-07-17","N10",55.1641666666668,88.9188125000001,"Sun",29,7
"2022-07-18","N10",40.7549999999998,88.2311284400001,"Mon",29,7
"2022-07-19","N10",102.3475,87.5137721000001,"Tue",29,7
"2022-07-20","N10",78.3074999999999,86.89160444,"Wed",29,7
"2022-07-21","N10",74.9158333333335,86.95545908,"Thu",29,7
"2022-07-22","N10",84.3341666666665,86.65683764,"Fri",29,7
"2022-07-23","N10",81.805,87.1453616000001,"Sat",30,7
"2022-07-24","N10",32.4666666666665,82.8530927600001,"Sun",30,7
"2022-07-25","N10",93.1233333333336,82.92430616,"Mon",30,7
"2022-07-26","N10",67.4433333333333,84.14514122,"Tue",30,7
"2022-07-27","N10",66.4116666666665,83.89636916,"Wed",30,7
"2022-07-28","N10",71.7141666666667,83.58326744,"Thu",30,7
"2022-07-29","N10",65.4391666666667,85.5705959600001,"Fri",30,7
"2022-07-30","N10",71.2416666666668,84.9090236,"Sat",31,7
"2022-07-31","N10",75.3799999999998,85.884647,"Sun",31,7
"2022-08-01","N10",61.1391666666668,85.09025786,"Mon",31,8
"2022-08-03","N10",69.8675,87.04027958,"Wed",31,8
"2022-08-04","N10",72.5166666666664,88.51842662,"Thu",31,8
"2022-08-05","N10",67.7433333333335,88.93586624,"Fri",31,8
"2022-08-07","N10",82.3739999999998,89.8789937000001,"Sun",32,8
"2022-08-08","N10",82.2005000000002,92.02560404,"Mon",32,8
"2022-08-09","N10",69.1928333333332,93.97469264,"Tue",32,8
"2022-08-10","N10",48.2281666666665,94.5016246400001,"Wed",32,8
"2022-09-13","N10",34.4874999999999,93.8147640800001,"Tue",37,9
"2022-10-03","N10",35.2371666666671,87.6041601800001,"Mon",40,10
"2022-10-07","N10",101.547666666667,94.42658066,"Fri",40,10
"2022-10-10","N10",98.7216666666676,94.93516472,"Mon",41,10
"2022-10-12","N10",57.1713333333337,93.39242648,"Wed",41,10
"2022-10-17","N10",118.533,95.19745028,"Mon",42,10
"2022-10-18","N10",48.366,90.25649114,"Tue",42,10
"2022-10-19","N10",35.0916666666665,88.28860046,"Wed",42,10
"2022-10-22","N10",31.7146666666667,94.8312498200001,"Sat",43,10
"2022-10-23","N10",164.723166666667,93.20308124,"Sun",43,10
"2022-10-24","N10",135.468166666667,91.05333944,"Mon",43,10
"2022-10-25","N10",89.2969999999999,87.1715139800001,"Tue",43,10
"2022-10-26","N10",42.167833333333,88.34505422,"Wed",43,10
"2022-11-05","N10",61.9069999999992,91.1016203000001,"Sat",45,11
"2022-11-07","N10",48.9399999999999,84.7607806400001,"Mon",45,11
"2022-11-08","N10",129.529500000001,84.6821361200001,"Tue",45,11
"2022-11-09","N10",468.968833333332,86.2810851200001,"Wed",45,11
"2022-11-10","N10",478.935833333334,87.48159962,"Thu",45,11
"2022-11-11","N10",324.635333333333,89.6888598800001,"Fri",45,11
"2022-11-12","N10",295.043833333333,88.3182646400001,"Sat",46,11
"2022-11-13","N10",267.112333333333,86.5487609600001,"Sun",46,11
"2022-11-14","N10",264.005166666667,86.17259354,"Mon",46,11
"2022-11-15","N10",398.278666666667,85.48942766,"Tue",46,11
"2022-11-16","N10",328.360666666666,84.45804638,"Wed",46,11
"2022-11-18","N10",273.793500000001,83.88479354,"Fri",46,11
"2022-11-19","N10",117.762,83.8914261800001,"Sat",47,11
"2022-11-20","N10",608.785333333332,86.7984339200001,"Sun",47,11
"2022-11-21","N10",247.089666666667,86.74300364,"Mon",47,11
"2022-11-22","N10",374.7955,85.02419282,"Tue",47,11
"2022-11-23","N10",450.754833333335,85.09952102,"Wed",47,11
"2022-11-24","N10",408.998333333332,83.8132554200001,"Thu",47,11
"2022-11-25","N10",268.298833333334,82.8159850400001,"Fri",47,11
"2022-11-26","N10",197.817166666665,84.0060768200001,"Sat",48,11
"2022-11-27","N10",501.804166666669,82.17877424,"Sun",48,11
"2022-11-28","N10",398.617166666666,84.07287734,"Mon",48,11
"2022-11-29","N10",429.018333333333,85.2160667,"Tue",48,11
"2022-11-30","N10",376.658833333332,85.4363663600001,"Wed",48,11
"2022-12-01","N10",238.041666666667,83.7599869400001,"Thu",48,12
"2022-12-02","N10",437.083333333333,80.6079209000001,"Fri",48,12
"2022-12-03","N10",601.678666666667,82.22878634,"Sat",49,12
"2022-12-04","N10",495.850166666668,82.57273178,"Sun",49,12
"2022-12-06","N10",90.3063333333339,81.6871184600001,"Tue",49,12
"2022-12-07","N10",225.296666666666,83.42937626,"Wed",49,12
"2022-12-08","N10",302.799333333336,82.7001017600001,"Thu",49,12
"2022-12-09","N10",198.089833333334,82.75206146,"Fri",49,12
"2022-12-10","N10",380.580666666666,83.4942110000001,"Sat",50,12
"2022-12-11","N10",615.120499999997,82.34282174,"Sun",50,12
"2022-12-13","N10",484.61016666667,81.67240418,"Tue",50,12
"2022-12-14","N10",400.051499999999,82.1437196000001,"Wed",50,12
"2022-12-15","N10",208.481,80.93715206,"Thu",50,12
"2022-12-16","N10",346.714999999996,80.2832880200001,"Fri",50,12
"2022-12-18","N10",166.387833333332,81.2843160800001,"Sun",51,12
"2022-12-19","N10",257.087000000004,80.13062768,"Mon",51,12
"2022-12-20","N10",578.004166666666,79.66804892,"Tue",51,12
"2022-12-21","N10",527.943166666664,79.1268407600001,"Wed",51,12
"2022-12-22","N10",273.184500000003,76.89533432,"Thu",51,12
"2022-12-23","N10",332.931499999996,76.2741176000001,"Fri",51,12
"2022-12-24","N10",361.42816666667,75.97523462,"Sat",52,12
"2022-12-25","N10",263.458999999998,74.8298229800001,"Sun",52,12
"2022-12-26","N10",375.299666666668,75.5420840600001,"Mon",52,12
"2022-12-27","N10",163.471666666665,76.2842336,"Tue",52,12
"2022-12-28","N10",525.450833333336,77.38504268,"Wed",52,12
"2022-12-29","N10",235.475166666666,79.8740481200001,"Thu",52,12
"2022-12-30","N10",394.037333333331,78.2485845800001,"Fri",52,12
"2022-12-31","N10",247.123166666667,75.82717256,"Sat",53,12
"2023-01-02","N10",336.215333333336,78.9742119200001,"Mon",1,1
"2023-01-03","N10",309.308666666664,76.75992644,"Tue",1,1
"2023-01-04","N10",568.438333333334,73.5042237800001,"Wed",1,1
"2023-01-07","N10",116.646833333332,76.79533784,"Sat",1,1
"2023-01-09","N10",121.349000000002,76.4921948,"Mon",2,1
"2023-01-10","N10",323.089499999997,76.94503142,"Tue",2,1
"2023-01-12","N10",207.972500000003,73.2676112600001,"Thu",2,1
"2023-01-13","N10",273.960499999996,70.9996721,"Fri",2,1
"2023-01-14","N10",122.843833333332,69.9646935200001,"Sat",2,1
"2023-01-15","N10",240.406166666663,68.8444055600001,"Sun",3,1
"2023-01-16","N10",395.812999999999,71.61776204,"Mon",3,1
"2023-01-17","N10",412.948333333334,73.5557313200001,"Tue",3,1
"2023-01-18","N10",483.965333333331,75.4947735800001,"Wed",3,1
"2023-01-22","N10",63.5751666666668,70.26354428,"Sun",4,1
"2023-01-26","N10",227.794666666669,71.25667304,"Thu",4,1
"2023-01-27","N10",193.723166666668,71.05761806,"Fri",4,1
"2023-01-28","N10",44.3034999999994,74.51344868,"Sat",4,1
"2023-01-31","N10",268.772000000012,76.4798543600001,"Tue",5,1
"2023-02-01","N10",168.930666666672,77.5600286,"Wed",5,2
"2023-02-02","N10",191.331833333335,78.5163497,"Thu",5,2
"2023-02-03","N10",197.695500000002,78.8349088400001,"Fri",5,2
"2023-02-06","N10",173.769666666669,85.260794,"Mon",6,2
"2023-02-07","N10",202.514000000015,82.1710918400001,"Tue",6,2
"2023-02-08","N10",237.245000000015,82.21227944,"Wed",6,2
"2023-02-11","N10",334.11083333333,85.65786662,"Sat",6,2
"2023-02-12","N10",37.9369999999956,83.971112,"Sun",7,2
"2023-02-17","N10",389.585666666671,91.6390562,"Fri",7,2
"2023-03-03","N10",31.6346666666602,89.8169813600001,"Fri",9,3
"2023-03-13","N10",99.1758333333613,90.88078244,"Mon",11,3
"2023-03-29","N10",67.2416666666589,85.0509856400001,"Wed",13,3
"2023-04-02","N10",130.901499999997,85.92570356,"Sun",14,4
"2023-04-13","N10",30.9956666666743,94.27802,"Thu",15,4
"2023-04-16","N10",100.66816666666,90.2156171,"Sun",16,4
"2023-04-20","N10",35.286666666662,93.7748145200001,"Thu",16,4
"2023-04-21","N10",83.6949999999876,91.34522132,"Fri",16,4
"2023-04-26","N10",380.373499999987,92.7192255800001,"Wed",17,4
"2022-07-25","N11",52.5325,82.92430616,"Mon",30,7
"2022-07-27","N11",117.600833333333,83.89636916,"Wed",30,7
"2022-07-28","N11",180.2375,83.58326744,"Thu",30,7
"2022-08-07","N11",91.9316666666661,89.8789937000001,"Sun",32,8
"2022-08-08","N11",115.497166666668,92.02560404,"Mon",32,8
"2022-08-20","N11",76.1391666666605,82.9865735600001,"Sat",34,8
"2022-08-25","N11",130.599166666662,82.41204956,"Thu",34,8
"2022-09-03","N11",426.423833333334,85.22468996,"Sat",36,9
"2022-09-04","N11",55.0434999999998,84.5607808400001,"Sun",36,9
"2022-09-18","N11",172.648333333336,86.88828254,"Sun",38,9
"2022-09-21","N11",74.2383333333419,86.52486038,"Wed",38,9
"2022-09-22","N11",139.212333333329,86.70966368,"Thu",38,9
"2022-09-27","N11",124.681499999987,86.7245788400001,"Tue",39,9
"2022-09-28","N11",89.9716666666597,86.12178584,"Wed",39,9
"2022-09-29","N11",83.5678333333538,86.3633395400001,"Thu",39,9
"2022-10-01","N11",53.3720000000321,86.8317918800001,"Sat",40,10
"2022-10-02","N11",86.1920000000003,86.66792582,"Sun",40,10
"2022-10-03","N11",81.196333333326,87.6041601800001,"Mon",40,10
"2022-10-04","N11",138.366166666674,87.8389682,"Tue",40,10
"2022-10-05","N11",102.271000000008,88.95105878,"Wed",40,10
"2022-10-06","N11",99.4618333333249,89.23182908,"Thu",40,10
"2022-10-07","N11",73.0431666666603,94.42658066,"Fri",40,10
"2022-10-10","N11",121.872499999998,94.93516472,"Mon",41,10
"2022-10-11","N11",120.390333333344,94.8742145600001,"Tue",41,10
"2022-10-12","N11",125.385499999975,93.39242648,"Wed",41,10
"2022-10-15","N11",82.2049999999775,93.5303136800001,"Sat",42,10
"2022-10-18","N11",124.667833333253,90.25649114,"Tue",42,10
"2022-10-19","N11",371.77933333331,88.28860046,"Wed",42,10
"2022-10-20","N11",119.515166666669,87.98834606,"Thu",42,10
"2022-10-22","N11",70.4258333333225,94.8312498200001,"Sat",43,10
"2022-10-24","N11",103.108000000007,91.05333944,"Mon",43,10
"2022-10-25","N11",144.683,87.1715139800001,"Tue",43,10
"2022-10-26","N11",85.0083333333217,88.34505422,"Wed",43,10
"2022-10-27","N11",174.956000000006,85.6877275400001,"Thu",43,10
"2022-10-28","N11",412.917166666671,86.80831106,"Fri",43,10
"2022-10-29","N11",73.8581666666626,89.17337696,"Sat",44,10
"2022-10-30","N11",81.1183333333271,90.6136989800001,"Sun",44,10
"2022-11-02","N11",56.7743333333444,89.3965483400001,"Wed",44,11
"2022-11-03","N11",98.7303333333499,88.74844106,"Thu",44,11
"2022-11-04","N11",157.568666666669,89.14261154,"Fri",44,11
"2022-11-05","N11",72.0328333333212,91.1016203000001,"Sat",45,11
"2022-11-06","N11",85.8926666666715,89.35912112,"Sun",45,11
"2022-11-07","N11",121.936999999996,84.7607806400001,"Mon",45,11
"2022-11-08","N11",126.950499999997,84.6821361200001,"Tue",45,11
"2022-11-09","N11",76.4710000000002,86.2810851200001,"Wed",45,11
"2022-11-12","N11",117.973500000003,88.3182646400001,"Sat",46,11
"2022-11-13","N11",69.9301666666676,86.5487609600001,"Sun",46,11
"2022-11-14","N11",80.6965000000006,86.17259354,"Mon",46,11
"2022-11-15","N11",108.92399999998,85.48942766,"Tue",46,11
"2022-11-16","N11",87.6753333333375,84.45804638,"Wed",46,11
"2022-11-17","N11",101.770333333329,86.39005046,"Thu",46,11
"2022-11-18","N11",163.735666666665,83.88479354,"Fri",46,11
"2022-11-19","N11",50.4478333333391,83.8914261800001,"Sat",47,11
"2022-11-20","N11",133.410833333328,86.7984339200001,"Sun",47,11
"2022-11-21","N11",126.721,86.74300364,"Mon",47,11
"2022-11-22","N11",115.6585,85.02419282,"Tue",47,11
"2022-11-23","N11",129.901833333347,85.09952102,"Wed",47,11
"2022-11-24","N11",147.33216666665,83.8132554200001,"Thu",47,11
"2022-11-25","N11",294.029333333349,82.8159850400001,"Fri",47,11
"2022-11-26","N11",51.9308333333271,84.0060768200001,"Sat",48,11
"2022-11-27","N11",64.7283333333326,82.17877424,"Sun",48,11
"2022-11-28","N11",405.286666666662,84.07287734,"Mon",48,11
"2022-11-29","N11",130.035833333347,85.2160667,"Tue",48,11
"2022-11-30","N11",68.2939999999944,85.4363663600001,"Wed",48,11
"2022-12-01","N11",97.3691666666612,83.7599869400001,"Thu",48,12
"2022-12-03","N11",75.4393333333428,82.22878634,"Sat",49,12
"2022-12-06","N11",169.09183333333,81.6871184600001,"Tue",49,12
"2022-12-07","N11",112.131333333324,83.42937626,"Wed",49,12
"2022-12-08","N11",423.789666666669,82.7001017600001,"Thu",49,12
"2022-12-09","N11",76.7335000000118,82.75206146,"Fri",49,12
"2022-12-10","N11",47.3084999999846,83.4942110000001,"Sat",50,12
"2022-12-12","N11",86.3273333333394,82.1087733200001,"Mon",50,12
"2022-12-13","N11",319.69233333333,81.67240418,"Tue",50,12
"2022-12-14","N11",85.3895000000096,82.1437196000001,"Wed",50,12
"2022-12-15","N11",125.435666666657,80.93715206,"Thu",50,12
"2022-12-16","N11",110.445333333337,80.2832880200001,"Fri",50,12
"2022-12-17","N11",124.896499999993,82.17682664,"Sat",51,12
"2022-12-18","N11",94.5278333333359,81.2843160800001,"Sun",51,12
"2022-12-19","N11",214.80733333334,80.13062768,"Mon",51,12
"2022-12-20","N11",65.2849999999938,79.66804892,"Tue",51,12
"2022-12-21","N11",46.121000000004,79.1268407600001,"Wed",51,12
"2022-12-24","N11",55.8305000000013,75.97523462,"Sat",52,12
"2022-12-25","N11",68.6923333333301,74.8298229800001,"Sun",52,12
"2022-12-26","N11",72.9466666666752,75.5420840600001,"Mon",52,12
"2022-12-27","N11",55.819333333328,76.2842336,"Tue",52,12
"2022-12-28","N11",100.070500000011,77.38504268,"Wed",52,12
"2022-12-29","N11",91.9983333333318,79.8740481200001,"Thu",52,12
"2022-12-30","N11",91.2329999999881,78.2485845800001,"Fri",52,12
"2022-12-31","N11",45.0836666666631,75.82717256,"Sat",53,12
"2023-01-01","N11",119.262000000007,77.6736478400001,"Sun",1,1
"2023-01-02","N11",67.2513333333385,78.9742119200001,"Mon",1,1
"2023-01-03","N11",119.585166666657,76.75992644,"Tue",1,1
"2023-01-04","N11",80.5048333333301,73.5042237800001,"Wed",1,1
"2023-01-16","N11",84.6318333333281,71.61776204,"Mon",3,1
"2023-01-17","N11",118.6585,73.5557313200001,"Tue",3,1
"2023-01-18","N11",107.401166666668,75.4947735800001,"Wed",3,1
"2023-01-19","N11",41.251500000013,75.9116624,"Thu",3,1
"2023-01-20","N11",176.6205,71.72453264,"Fri",3,1
"2023-01-26","N11",47.683999999989,71.25667304,"Thu",4,1
"2023-01-27","N11",124.599000000007,71.05761806,"Fri",4,1
"2023-01-28","N11",59.1464999999929,74.51344868,"Sat",4,1
"2023-01-29","N11",86.6056666666797,73.35989546,"Sun",5,1
"2023-01-30","N11",125.719833333317,75.73567838,"Mon",5,1
"2023-01-31","N11",131.458500000008,76.4798543600001,"Tue",5,1
"2023-02-01","N11",88.8816666666729,77.5600286,"Wed",5,2
"2023-02-02","N11",118.792166666652,78.5163497,"Thu",5,2
"2023-02-03","N11",154.263333333346,78.8349088400001,"Fri",5,2
"2023-02-04","N11",60.3816666666535,80.91937976,"Sat",5,2
"2023-02-05","N11",136.373500000006,78.7190691200001,"Sun",6,2
"2023-02-06","N11",116.542500000001,85.260794,"Mon",6,2
"2023-02-07","N11",139.025333333334,82.1710918400001,"Tue",6,2
"2023-02-08","N11",87.2680000000012,82.21227944,"Wed",6,2
"2023-02-09","N11",91.9113333333323,80.7868076,"Thu",6,2
"2023-02-10","N11",165.648999999995,79.4643044,"Fri",6,2
"2023-02-11","N11",111.752833333332,85.65786662,"Sat",6,2
"2023-02-12","N11",83.4416666666705,83.971112,"Sun",7,2
"2023-02-13","N11",87.0973333333386,82.48385912,"Mon",7,2
"2023-02-14","N11",62.2770000000019,83.4536948000001,"Tue",7,2
"2023-02-15","N11",104.741166666655,83.7851250200001,"Wed",7,2
"2023-02-16","N11",73.4616666666698,86.8194813200001,"Thu",7,2
"2023-02-17","N11",172.233000000007,91.6390562,"Fri",7,2
"2023-02-18","N11",94.2478333333274,89.3685981200001,"Sat",7,2
"2023-02-19","N11",74.8598333333308,87.9180278000001,"Sun",8,2
"2023-02-20","N11",129.34566666667,86.1759275000001,"Mon",8,2
"2023-02-21","N11",104.734333333346,87.99525428,"Tue",8,2
"2023-02-22","N11",63.4711666666553,80.3929526600001,"Wed",8,2
"2023-02-23","N11",98.9928333333422,82.0925783600001,"Thu",8,2
"2023-02-24","N11",137.168333333335,82.04817308,"Fri",8,2
"2023-02-25","N11",60.1893333333234,84.6809519,"Sat",8,2
"2023-02-26","N11",77.6221666666679,86.1778581800001,"Sun",9,2
"2023-02-27","N11",139.717833333338,87.6586755200001,"Mon",9,2
"2023-02-28","N11",79.7436666666569,87.41669936,"Tue",9,2
"2023-03-01","N11",87.2841666666791,87.33755858,"Wed",9,3
"2023-03-02","N11",122.765999999984,90.03745562,"Thu",9,3
"2023-03-03","N11",51.1425000000163,89.8169813600001,"Fri",9,3
"2023-03-06","N11",134.31733333333,90.8620187,"Mon",10,3
"2023-03-07","N11",83.9619999999995,90.2693966,"Tue",10,3
"2023-03-08","N11",81.8824999999876,92.2489736,"Wed",10,3
"2023-03-09","N11",115.484333333346,92.45068394,"Thu",10,3
"2023-03-10","N11",136.167833333331,93.27316226,"Fri",10,3
"2023-03-11","N11",129.503333333336,91.81480082,"Sat",10,3
"2023-03-12","N11",70.7094999999972,89.4463971800001,"Sun",11,3
"2023-03-13","N11",94.802999999995,90.88078244,"Mon",11,3
"2023-03-14","N11",130.084666666672,87.67113674,"Tue",11,3
"2023-03-15","N11",91.8026666666653,84.3833084000001,"Wed",11,3
"2023-03-16","N11",104.341333333325,86.9643683600001,"Thu",11,3
"2023-03-17","N11",132.208666666682,87.16868474,"Fri",11,3
"2023-03-18","N11",49.451833333335,88.39458392,"Sat",11,3
"2023-03-20","N11",97.1716666666713,84.74294732,"Mon",12,3
"2023-03-21","N11",118.790500000003,83.8964931800001,"Tue",12,3
"2023-03-22","N11",109.945833333341,83.9324570000001,"Wed",12,3
"2023-03-23","N11",120.742166666663,77.00393768,"Thu",12,3
"2023-03-24","N11",144.446500000001,81.48951932,"Fri",12,3
"2023-03-25","N11",113.986666666654,82.87908026,"Sat",12,3
"2023-03-26","N11",149.588833333342,85.4762977400001,"Sun",13,3
"2023-03-27","N11",107.348666666658,86.2179875600001,"Mon",13,3
"2022-07-22","N12",75.308,86.65683764,"Fri",29,7
"2022-07-23","N12",106.5,87.1453616000001,"Sat",30,7
"2022-07-24","N12",136.962,82.8530927600001,"Sun",30,7
"2022-07-25","N12",144.159,82.92430616,"Mon",30,7
"2022-07-27","N12",52.8389999999999,83.89636916,"Wed",30,7
"2022-07-28","N12",119.303,83.58326744,"Thu",30,7
"2022-07-29","N12",73.652,85.5705959600001,"Fri",30,7
"2022-07-30","N12",102.492,84.9090236,"Sat",31,7
"2022-08-06","N12",129.5228,86.6629664600001,"Sat",32,8
"2022-08-08","N12",149.7946,92.02560404,"Mon",32,8
"2022-08-09","N12",146.7874,93.97469264,"Tue",32,8
"2022-08-10","N12",105.2928,94.5016246400001,"Wed",32,8
"2022-08-11","N12",97.3624,95.65689344,"Thu",32,8
"2022-08-12","N12",98.7896000000001,88.0247777,"Fri",32,8
"2022-08-13","N12",111.5336,83.4139670000001,"Sat",33,8
"2022-08-14","N12",153.6756,84.7773336200001,"Sun",33,8
"2022-08-15","N12",150.328,86.6573673800001,"Mon",33,8
"2022-08-16","N12",68.7708000000002,86.97029162,"Tue",33,8
"2022-08-17","N12",137.1374,85.8408404,"Wed",33,8
"2022-09-29","N12",163.8722,86.3633395400001,"Thu",39,9
"2022-09-30","N12",68.6754000000001,86.6310859400001,"Fri",39,9
"2022-10-01","N12",101.5236,86.8317918800001,"Sat",40,10
"2022-10-02","N12",108.8636,86.66792582,"Sun",40,10
"2022-10-03","N12",124.0754,87.6041601800001,"Mon",40,10
"2022-10-04","N12",142.008,87.8389682,"Tue",40,10
"2022-10-05","N12",133.106,88.95105878,"Wed",40,10
"2022-10-06","N12",129.355,89.23182908,"Thu",40,10
"2022-10-07","N12",88.0489999999998,94.42658066,"Fri",40,10
"2022-10-08","N12",76.6546000000002,99.4130027600001,"Sat",41,10
"2022-10-09","N12",48.0661999999997,96.2790657800001,"Sun",41,10
"2022-07-22","N13",58.657,86.65683764,"Fri",29,7
"2022-07-23","N13",57.024,87.1453616000001,"Sat",30,7
"2022-07-24","N13",63.883,82.8530927600001,"Sun",30,7
"2022-07-25","N13",51.978,82.92430616,"Mon",30,7
"2022-07-26","N13",34.891,84.14514122,"Tue",30,7
"2022-07-27","N13",77.297,83.89636916,"Wed",30,7
"2022-07-28","N13",53.2799999999999,83.58326744,"Thu",30,7
"2022-08-06","N13",83.8142,86.6629664600001,"Sat",32,8
"2022-08-07","N13",58.3436000000002,89.8789937000001,"Sun",32,8
"2022-08-08","N13",87.074,92.02560404,"Mon",32,8
"2022-08-09","N13",83.507,93.97469264,"Tue",32,8
"2022-08-10","N13",40.0129999999999,94.5016246400001,"Wed",32,8
"2022-08-11","N13",60.1312,95.65689344,"Thu",32,8
"2022-08-12","N13",49.5838000000002,88.0247777,"Fri",32,8
"2022-08-13","N13",80.8153999999999,83.4139670000001,"Sat",33,8
"2022-08-14","N13",95.5206,84.7773336200001,"Sun",33,8
"2022-08-15","N13",73.1264000000001,86.6573673800001,"Mon",33,8
"2022-08-16","N13",30.1202000000001,86.97029162,"Tue",33,8
"2022-08-17","N13",37.8577999999998,85.8408404,"Wed",33,8
"2022-08-18","N13",47.4781999999999,82.7181305600001,"Thu",33,8
"2022-08-19","N13",75.9394,83.54336702,"Fri",33,8
"2022-08-20","N13",39.2708000000002,82.9865735600001,"Sat",34,8
"2022-08-21","N13",71.6723999999998,84.0513245000001,"Sun",34,8
"2022-08-22","N13",60.6812000000002,86.2346397200001,"Mon",34,8
"2022-08-23","N13",38.9261999999999,84.0279952400001,"Tue",34,8
"2022-08-24","N13",39.6214,81.6468472400001,"Wed",34,8
"2022-08-25","N13",62.7270000000001,82.41204956,"Thu",34,8
"2022-08-26","N13",63.9333999999999,83.7601743200001,"Fri",34,8
"2022-08-27","N13",55.8743999999999,83.89610672,"Sat",35,8
"2022-08-28","N13",48.7076000000001,83.57416178,"Sun",35,8
"2022-08-29","N13",78.9552,83.93872154,"Mon",35,8
"2022-08-30","N13",66.909,85.63274276,"Tue",35,8
"2022-08-31","N13",34.3506000000001,85.8619923800001,"Wed",35,8
"2022-09-01","N13",33.4907999999999,85.76345678,"Thu",35,9
"2022-09-02","N13",46.3796000000002,85.46478872,"Fri",35,9
"2022-09-03","N13",31.2665999999997,85.22468996,"Sat",36,9
"2022-09-04","N13",93.3136000000002,84.5607808400001,"Sun",36,9
"2022-09-05","N13",66.9485999999997,84.4942082,"Mon",36,9
"2022-09-06","N13",35.2640000000003,85.89587486,"Tue",36,9
"2022-09-07","N13",58.4663999999997,86.3240507600001,"Wed",36,9
"2022-09-08","N13",60.9700000000001,89.49371648,"Thu",36,9
"2022-09-12","N13",134.9254,92.3185131800001,"Mon",37,9
"2022-09-13","N13",64.843,93.8147640800001,"Tue",37,9
"2022-09-14","N13",59.5428,94.2160199,"Wed",37,9
"2022-09-15","N13",58.8396000000001,87.67951664,"Thu",37,9
"2022-09-16","N13",35.5800000000003,85.81111268,"Fri",37,9
"2022-09-17","N13",78.6610000000001,85.3665665,"Sat",38,9
"2022-09-18","N13",75.2687999999995,86.88828254,"Sun",38,9
"2022-09-19","N13",75.107,86.2774862000001,"Mon",38,9
"2022-09-20","N13",43.7858,85.71470954,"Tue",38,9
"2022-09-21","N13",35.0564000000006,86.52486038,"Wed",38,9
"2022-09-22","N13",59.2142,86.70966368,"Thu",38,9
"2022-09-23","N13",66.4067999999999,86.30731652,"Fri",38,9
"2022-09-24","N13",45.2209999999999,85.29817478,"Sat",39,9
"2022-09-25","N13",87.0173999999999,85.97590772,"Sun",39,9
"2022-09-26","N13",73.3266000000003,85.55719028,"Mon",39,9
"2022-09-27","N13",31.5893999999993,86.7245788400001,"Tue",39,9
"2022-09-28","N13",51.9762000000002,86.12178584,"Wed",39,9
"2022-09-29","N13",88.7190000000002,86.3633395400001,"Thu",39,9
"2022-09-30","N13",60.5237999999997,86.6310859400001,"Fri",39,9
"2022-10-01","N13",72.025,86.8317918800001,"Sat",40,10
"2022-10-02","N13",85.9758000000001,86.66792582,"Sun",40,10
"2022-10-03","N13",91.3724000000002,87.6041601800001,"Mon",40,10
"2022-10-04","N13",70.325,87.8389682,"Tue",40,10
"2022-10-05","N13",61.4275999999998,88.95105878,"Wed",40,10
"2022-10-06","N13",101.7518,89.23182908,"Thu",40,10
"2022-10-07","N13",94.5660000000003,94.42658066,"Fri",40,10
"2022-10-08","N13",70.5790000000001,99.4130027600001,"Sat",41,10
"2022-10-09","N13",64.6515999999996,96.2790657800001,"Sun",41,10
"2022-10-10","N13",124.1916,94.93516472,"Mon",41,10
"2022-10-11","N13",50.8322,94.8742145600001,"Tue",41,10
"2022-10-12","N13",64.3159999999996,93.39242648,"Wed",41,10
"2022-10-13","N13",44.5678,91.6458548,"Thu",41,10
"2022-10-14","N13",74.8878000000004,92.2078952600001,"Fri",41,10
"2022-10-15","N13",71.4883999999998,93.5303136800001,"Sat",42,10
"2022-10-16","N13",92.5239999999998,93.79859432,"Sun",42,10
"2022-10-17","N13",99.7400000000002,95.19745028,"Mon",42,10
"2022-10-18","N13",70.4273999999998,90.25649114,"Tue",42,10
"2022-10-19","N13",83.1080000000002,88.28860046,"Wed",42,10
"2022-10-20","N13",58.3142,87.98834606,"Thu",42,10
"2022-10-21","N13",59.7722000000002,92.6585267,"Fri",42,10
"2022-10-22","N13",33.6612000000001,94.8312498200001,"Sat",43,10
"2022-10-23","N13",56.1659999999996,93.20308124,"Sun",43,10
"2022-10-24","N13",101.1796,91.05333944,"Mon",43,10
"2022-10-25","N13",57.3311999999998,87.1715139800001,"Tue",43,10
"2022-10-26","N13",79.557,88.34505422,"Wed",43,10
"2022-10-27","N13",58.8978000000003,85.6877275400001,"Thu",43,10
"2022-10-28","N13",64.0853999999999,86.80831106,"Fri",43,10
"2022-10-29","N13",45.2036,89.17337696,"Sat",44,10
"2022-10-30","N13",56.2625999999997,90.6136989800001,"Sun",44,10
"2022-10-31","N13",106.0464,89.7723870800001,"Mon",44,10
"2022-11-01","N13",79.4934000000001,88.7972387000001,"Tue",44,11
"2022-11-02","N13",52.7894000000008,89.3965483400001,"Wed",44,11
"2022-11-03","N13",55.3813999999999,88.74844106,"Thu",44,11
"2022-11-04","N13",56.0313999999998,89.14261154,"Fri",44,11
"2022-11-05","N13",53.3830000000002,91.1016203000001,"Sat",45,11
"2022-11-06","N13",106.943799999999,89.35912112,"Sun",45,11
"2022-11-07","N13",68.2862000000008,84.7607806400001,"Mon",45,11
"2022-11-08","N13",92.2529999999999,84.6821361200001,"Tue",45,11
"2022-11-09","N13",48.5901999999987,86.2810851200001,"Wed",45,11
"2022-11-10","N13",47.465800000001,87.48159962,"Thu",45,11
"2022-11-11","N13",54.7357999999993,89.6888598800001,"Fri",45,11
"2022-11-12","N13",51.2948000000004,88.3182646400001,"Sat",46,11
"2022-11-13","N13",89.0029999999999,86.5487609600001,"Sun",46,11
"2022-11-14","N13",146.932799999999,86.17259354,"Mon",46,11
"2022-11-15","N13",73.5308000000005,85.48942766,"Tue",46,11
"2022-11-16","N13",48.4156000000003,84.45804638,"Wed",46,11
"2022-11-17","N13",52.2001999999993,86.39005046,"Thu",46,11
"2022-11-18","N13",58.0467999999994,83.88479354,"Fri",46,11
"2022-11-19","N13",63.1826000000001,83.8914261800001,"Sat",47,11
"2022-11-20","N13",68.8555999999997,86.7984339200001,"Sun",47,11
"2022-11-21","N13",55.4286000000007,86.74300364,"Mon",47,11
"2022-11-22","N13",59.2671999999991,85.02419282,"Tue",47,11
"2022-11-23","N13",52.4059999999998,85.09952102,"Wed",47,11
"2022-11-24","N13",117.154800000001,83.8132554200001,"Thu",47,11
"2022-11-25","N13",46.4635999999999,82.8159850400001,"Fri",47,11
"2022-11-26","N13",54.6694000000003,84.0060768200001,"Sat",48,11
"2022-11-27","N13",50.3895999999993,82.17877424,"Sun",48,11
"2022-11-28","N13",48.9813999999998,84.07287734,"Mon",48,11
"2022-11-29","N13",74.8851999999999,85.2160667,"Tue",48,11
"2022-11-30","N13",47.9131999999998,85.4363663600001,"Wed",48,11
"2022-12-01","N13",42.3948000000004,83.7599869400001,"Thu",48,12
"2022-12-02","N13",63.5559999999998,80.6079209000001,"Fri",48,12
"2022-12-03","N13",38.2059999999998,82.22878634,"Sat",49,12
"2022-12-04","N13",62.633600000001,82.57273178,"Sun",49,12
"2022-12-05","N13",52.6335999999996,81.0870533600001,"Mon",49,12
"2022-12-06","N13",31.6444000000003,81.6871184600001,"Tue",49,12
"2022-12-07","N13",57.7322,83.42937626,"Wed",49,12
"2022-12-08","N13",58.5398000000001,82.7001017600001,"Thu",49,12
"2022-12-09","N13",64.0775999999998,82.75206146,"Fri",49,12
"2022-12-10","N13",38.1915999999997,83.4942110000001,"Sat",50,12
"2022-12-11","N13",45.7388000000006,82.34282174,"Sun",50,12
"2022-12-12","N13",45.5720000000001,82.1087733200001,"Mon",50,12
"2022-12-13","N13",32.8231999999989,81.67240418,"Tue",50,12
"2022-12-14","N13",89.5198000000004,82.1437196000001,"Wed",50,12
"2022-12-15","N13",48.0271999999997,80.93715206,"Thu",50,12
"2022-12-16","N13",51.8991999999998,80.2832880200001,"Fri",50,12
"2022-12-17","N13",42.3016000000003,82.17682664,"Sat",51,12
"2022-12-18","N13",52.4252000000008,81.2843160800001,"Sun",51,12
"2022-12-19","N13",54.4193999999989,80.13062768,"Mon",51,12
"2022-12-20","N13",46.8214000000007,79.66804892,"Tue",51,12
"2022-12-21","N13",55.7520000000004,79.1268407600001,"Wed",51,12
"2022-12-22","N13",50.6315999999992,76.89533432,"Thu",51,12
"2022-12-23","N13",49.2165999999997,76.2741176000001,"Fri",51,12
"2022-12-24","N13",124.834600000001,75.97523462,"Sat",52,12
"2022-12-25","N13",61.8763999999996,74.8298229800001,"Sun",52,12
"2022-12-26","N13",40.8880000000005,75.5420840600001,"Mon",52,12
"2022-12-27","N13",50.0501999999993,76.2842336,"Tue",52,12
"2022-12-28","N13",45.4538000000001,77.38504268,"Wed",52,12
"2022-12-29","N13",63.2984000000011,79.8740481200001,"Thu",52,12
"2022-12-30","N13",44.5865999999995,78.2485845800001,"Fri",52,12
"2022-12-31","N13",81.7040000000008,75.82717256,"Sat",53,12
"2023-01-01","N13",47.5983999999997,77.6736478400001,"Sun",1,1
"2023-01-02","N13",38.4149999999994,78.9742119200001,"Mon",1,1
"2023-01-03","N13",63.0926000000007,76.75992644,"Tue",1,1
"2023-01-04","N13",36.1871999999989,73.5042237800001,"Wed",1,1
"2023-01-05","N13",51.5544000000009,72.11566778,"Thu",1,1
"2023-01-06","N13",63.7281999999992,74.5155948200001,"Fri",1,1
"2023-01-07","N13",40.833200000001,76.79533784,"Sat",1,1
"2023-01-08","N13",106.6026,76.72773416,"Sun",2,1
"2023-01-09","N13",63.2759999999995,76.4921948,"Mon",2,1
"2023-01-10","N13",73.6771999999997,76.94503142,"Tue",2,1
"2023-01-11","N13",80.823000000001,77.90811422,"Wed",2,1
"2023-01-12","N13",112.878199999999,73.2676112600001,"Thu",2,1
"2023-01-13","N13",50.7270000000004,70.9996721,"Fri",2,1
"2023-01-14","N13",43.5398000000001,69.9646935200001,"Sat",2,1
"2023-01-15","N13",35.0281999999992,68.8444055600001,"Sun",3,1
"2023-01-16","N13",61.5260000000009,71.61776204,"Mon",3,1
"2023-01-17","N13",77.3217999999993,73.5557313200001,"Tue",3,1
"2023-01-18","N13",44.9498000000007,75.4947735800001,"Wed",3,1
"2023-01-19","N13",131.3454,75.9116624,"Thu",3,1
"2023-01-20","N13",59.0932000000001,71.72453264,"Fri",3,1
"2023-01-21","N13",53.8429999999993,71.46323942,"Sat",3,1
"2023-01-22","N13",83.8400000000009,70.26354428,"Sun",4,1
"2023-01-23","N13",47.825,70.66970222,"Mon",4,1
"2023-01-25","N13",59.6199999999997,68.72797724,"Wed",4,1
"2023-01-26","N13",66.1059999999998,71.25667304,"Thu",4,1
"2023-01-27","N13",70.7188000000009,71.05761806,"Fri",4,1
"2023-01-28","N13",43.8931999999986,74.51344868,"Sat",4,1
"2023-01-29","N13",64.6574000000008,73.35989546,"Sun",5,1
"2023-01-31","N13",72.9330000000002,76.4798543600001,"Tue",5,1
"2023-02-01","N13",37.6322,77.5600286,"Wed",5,2
"2023-02-02","N13",68.8051999999996,78.5163497,"Thu",5,2
"2023-02-03","N13",49.5234000000011,78.8349088400001,"Fri",5,2
"2023-04-06","N13",36.6623999999996,89.41684676,"Thu",14,4
"2022-08-07","N14",87.2715,89.8789937000001,"Sun",32,8
"2022-08-08","N14",83.2577500000001,92.02560404,"Mon",32,8
"2022-08-09","N14",117.02375,93.97469264,"Tue",32,8
"2022-08-10","N14",59.54225,94.5016246400001,"Wed",32,8
"2022-08-11","N14",118.21025,95.65689344,"Thu",32,8
"2022-08-12","N14",71.6592499999999,88.0247777,"Fri",32,8
"2022-08-13","N14",109.2855,83.4139670000001,"Sat",33,8
"2022-08-14","N14",91.53675,84.7773336200001,"Sun",33,8
"2022-08-15","N14",40.017,86.6573673800001,"Mon",33,8
"2022-08-16","N14",66.57675,86.97029162,"Tue",33,8
"2022-08-17","N14",78.7175000000002,85.8408404,"Wed",33,8
"2022-08-18","N14",60.3805,82.7181305600001,"Thu",33,8
"2022-08-19","N14",103.336,83.54336702,"Fri",33,8
"2022-08-20","N14",27.665,82.9865735600001,"Sat",34,8
"2022-08-21","N14",67.82825,84.0513245000001,"Sun",34,8
"2022-08-22","N14",103.67825,86.2346397200001,"Mon",34,8
"2022-08-23","N14",77.7192499999999,84.0279952400001,"Tue",34,8
"2022-08-24","N14",77.6032500000001,81.6468472400001,"Wed",34,8
"2022-08-25","N14",142.55275,82.41204956,"Thu",34,8
"2022-08-26","N14",31.1747499999999,83.7601743200001,"Fri",34,8
"2022-08-29","N14",27.3492499999998,83.93872154,"Mon",35,8
"2022-08-30","N14",86.3095000000003,85.63274276,"Tue",35,8
"2022-08-31","N14",101.92025,85.8619923800001,"Wed",35,8
"2022-09-01","N14",65.6082500000002,85.76345678,"Thu",35,9
"2022-11-05","N14",123.22775,91.1016203000001,"Sat",45,11
"2022-11-06","N14",127.245,89.35912112,"Sun",45,11
"2022-11-07","N14",94.3447500000002,84.7607806400001,"Mon",45,11
"2022-11-08","N14",92.1757499999999,84.6821361200001,"Tue",45,11
"2022-11-09","N14",133.75775,86.2810851200001,"Wed",45,11
"2022-11-10","N14",124.69975,87.48159962,"Thu",45,11
"2022-11-11","N14",137.7325,89.6888598800001,"Fri",45,11
"2022-11-12","N14",96.1957499999999,88.3182646400001,"Sat",46,11
"2022-11-13","N14",140.977,86.5487609600001,"Sun",46,11
"2022-11-14","N14",69.1127499999998,86.17259354,"Mon",46,11
"2022-11-15","N14",97.1869999999999,85.48942766,"Tue",46,11
"2022-11-16","N14",128.964,84.45804638,"Wed",46,11
"2022-11-17","N14",139.62875,86.39005046,"Thu",46,11
"2022-11-18","N14",80.3764999999999,83.88479354,"Fri",46,11
"2022-11-19","N14",41.16975,83.8914261800001,"Sat",47,11
"2022-11-20","N14",28.8002500000002,86.7984339200001,"Sun",47,11
"2022-11-21","N14",67.5129999999999,86.74300364,"Mon",47,11
"2022-11-22","N14",83.6195000000002,85.02419282,"Tue",47,11
"2022-11-23","N14",131.083,85.09952102,"Wed",47,11
"2022-11-24","N14",162.865,83.8132554200001,"Thu",47,11
"2022-11-25","N14",134.7275,82.8159850400001,"Fri",47,11
"2022-11-26","N14",151.168250000001,84.0060768200001,"Sat",48,11
"2022-11-27","N14",163.965499999999,82.17877424,"Sun",48,11
"2022-11-28","N14",102.469,84.07287734,"Mon",48,11
"2022-11-29","N14",70.7579999999998,85.2160667,"Tue",48,11
"2022-12-01","N14",86.7624999999998,83.7599869400001,"Thu",48,12
"2022-12-02","N14",125.45475,80.6079209000001,"Fri",48,12
"2022-12-03","N14",84.7794999999996,82.22878634,"Sat",49,12
"2022-12-04","N14",77.8540000000003,82.57273178,"Sun",49,12
"2022-12-05","N14",22.1147499999997,81.0870533600001,"Mon",49,12
"2023-03-04","N14",23.6534999999994,90.4492158800001,"Sat",9,3
"2023-03-05","N14",37.8030000000008,91.79603708,"Sun",10,3
"2023-03-12","N14",25.3952499999996,89.4463971800001,"Sun",11,3
"2023-03-15","N14",79.2135000000007,84.3833084000001,"Wed",11,3
"2023-03-16","N14",26.22775,86.9643683600001,"Thu",11,3
"2023-03-17","N14",100.999,87.16868474,"Fri",11,3
"2023-03-18","N14",53.54925,88.39458392,"Sat",11,3
"2023-03-19","N14",161.598,86.5036137200001,"Sun",12,3
"2023-03-20","N14",38.8414999999995,84.74294732,"Mon",12,3
"2023-03-21","N14",109.905500000001,83.8964931800001,"Tue",12,3
"2023-03-22","N14",28.1199999999999,83.9324570000001,"Wed",12,3
"2023-03-23","N14",25.0364999999993,77.00393768,"Thu",12,3
"2023-03-24","N14",25.8630000000003,81.48951932,"Fri",12,3
"2023-03-29","N14",29.6215000000002,85.0509856400001,"Wed",13,3
"2023-03-30","N14",29.0709999999999,83.3789260400001,"Thu",13,3
"2023-03-31","N14",32.1987500000005,86.2258056800001,"Fri",13,3
"2022-08-06","N15",25.7137272727273,86.6629664600001,"Sat",32,8
"2022-08-07","N15",27.9200909090909,89.8789937000001,"Sun",32,8
"2022-08-08","N15",38.4861818181818,92.02560404,"Mon",32,8
"2022-08-09","N15",38.7633636363636,93.97469264,"Tue",32,8
"2022-08-10","N15",34.8357272727273,94.5016246400001,"Wed",32,8
"2022-08-11","N15",36.4115454545454,95.65689344,"Thu",32,8
"2022-08-12","N15",37.8601818181818,88.0247777,"Fri",32,8
"2022-08-13","N15",32.2924545454546,83.4139670000001,"Sat",33,8
"2022-08-14","N15",23,84.7773336200001,"Sun",33,8
"2022-08-15","N15",45.3203636363636,86.6573673800001,"Mon",33,8
"2022-08-16","N15",26.3564545454545,86.97029162,"Tue",33,8
"2022-08-17","N15",17.3786363636364,85.8408404,"Wed",33,8
"2022-08-18","N15",14.0778181818182,82.7181305600001,"Thu",33,8
"2022-08-19","N15",29.2152727272727,83.54336702,"Fri",33,8
"2022-08-20","N15",10.7704545454546,82.9865735600001,"Sat",34,8
"2022-08-22","N15",54.5380000000001,86.2346397200001,"Mon",34,8
"2022-08-23","N15",22.0751818181818,84.0279952400001,"Tue",34,8
"2022-08-24","N15",16.5395454545455,81.6468472400001,"Wed",34,8
"2022-08-26","N15",18.5083636363636,83.7601743200001,"Fri",34,8
"2022-08-31","N15",15.3034545454545,85.8619923800001,"Wed",35,8
"2023-03-15","N15",52.7649090909091,84.3833084000001,"Wed",11,3
"2022-08-24","N17",48.1874,81.6468472400001,"Wed",34,8
"2022-08-25","N17",55.7886,82.41204956,"Thu",34,8
"2022-08-26","N17",95.113,83.7601743200001,"Fri",34,8
"2022-08-27","N17",61.92,83.89610672,"Sat",35,8
"2022-08-28","N17",49.0956,83.57416178,"Sun",35,8
"2022-08-29","N17",121.0688,83.93872154,"Mon",35,8
"2022-08-30","N17",70.5856000000001,85.63274276,"Tue",35,8
"2022-08-31","N17",65.5616,85.8619923800001,"Wed",35,8
"2022-09-01","N17",59.3556,85.76345678,"Thu",35,9
"2022-09-02","N17",116.2906,85.46478872,"Fri",35,9
"2022-09-03","N17",71.2494000000001,85.22468996,"Sat",36,9
"2022-09-04","N17",67.1444,84.5607808400001,"Sun",36,9
"2022-09-05","N17",66.2258,84.4942082,"Mon",36,9
"2022-09-06","N17",94.9222,85.89587486,"Tue",36,9
"2022-09-07","N17",60.1824000000001,86.3240507600001,"Wed",36,9
"2022-09-08","N17",135.929,89.49371648,"Thu",36,9
"2022-09-09","N17",80.0950000000001,96.11134394,"Fri",36,9
"2022-09-10","N17",64.0824,97.8378713600001,"Sat",37,9
"2022-09-11","N17",41.5696,91.23334016,"Sun",37,9
"2022-09-12","N17",81.9958000000001,92.3185131800001,"Mon",37,9
"2022-09-13","N17",92.6645999999999,93.8147640800001,"Tue",37,9
"2022-09-14","N17",72.4290000000001,94.2160199,"Wed",37,9
"2022-09-15","N17",103.5082,87.67951664,"Thu",37,9
"2022-09-16","N17",53.7502,85.81111268,"Fri",37,9
"2022-09-17","N17",83.3416000000001,85.3665665,"Sat",38,9
"2022-09-18","N17",82.3727999999999,86.88828254,"Sun",38,9
"2022-09-19","N17",72.8459999999999,86.2774862000001,"Mon",38,9
"2022-09-20","N17",92.2452000000001,85.71470954,"Tue",38,9
"2022-09-21","N17",96.3418000000001,86.52486038,"Wed",38,9
"2022-09-22","N17",81.0705999999998,86.70966368,"Thu",38,9
"2022-09-23","N17",144.6322,86.30731652,"Fri",38,9
"2022-09-24","N17",64.1565999999999,85.29817478,"Sat",39,9
"2022-09-25","N17",69.3274000000001,85.97590772,"Sun",39,9
"2022-09-26","N17",131.118,85.55719028,"Mon",39,9
"2022-09-27","N17",67.543,86.7245788400001,"Tue",39,9
"2022-09-28","N17",61.6137999999999,86.12178584,"Wed",39,9
"2022-09-29","N17",73.2317999999999,86.3633395400001,"Thu",39,9
"2022-09-30","N17",69.7236000000001,86.6310859400001,"Fri",39,9
"2022-10-01","N17",93.9552,86.8317918800001,"Sat",40,10
"2022-10-02","N17",72.8464,86.66792582,"Sun",40,10
"2022-10-03","N17",142.4646,87.6041601800001,"Mon",40,10
"2022-10-04","N17",59.6363999999994,87.8389682,"Tue",40,10
"2022-10-05","N17",86.1946000000003,88.95105878,"Wed",40,10
"2022-10-06","N17",61.6803999999996,89.23182908,"Thu",40,10
"2022-10-07","N17",78.8684000000001,94.42658066,"Fri",40,10
"2022-10-17","N17",71.8665999999997,95.19745028,"Mon",42,10
"2022-10-18","N17",55.9368000000002,90.25649114,"Tue",42,10
"2022-10-19","N17",52.1646000000001,88.28860046,"Wed",42,10
"2022-10-20","N17",111.0424,87.98834606,"Thu",42,10
"2022-10-21","N17",84.7595999999998,92.6585267,"Fri",42,10
"2022-10-22","N17",61.4376000000004,94.8312498200001,"Sat",43,10
"2022-10-23","N17",68.9413999999997,93.20308124,"Sun",43,10
"2022-10-24","N17",61.2915999999997,91.05333944,"Mon",43,10
"2022-10-25","N17",45.6758000000002,87.1715139800001,"Tue",43,10
"2022-10-26","N17",71.175,88.34505422,"Wed",43,10
"2022-10-27","N17",44.3758000000002,85.6877275400001,"Thu",43,10
"2022-10-28","N17",90.4661999999997,86.80831106,"Fri",43,10
"2022-10-29","N17",63.9522000000004,89.17337696,"Sat",44,10
"2022-10-30","N17",48.6489999999998,90.6136989800001,"Sun",44,10
"2022-10-31","N17",66.8089999999997,89.7723870800001,"Mon",44,10
"2022-11-01","N17",38.1362000000001,88.7972387000001,"Tue",44,11
"2022-11-02","N17",116.6198,89.3965483400001,"Wed",44,11
"2022-11-03","N17",41.4358,88.74844106,"Thu",44,11
"2022-11-04","N17",138.281,89.14261154,"Fri",44,11
"2022-11-05","N17",72.0194000000003,91.1016203000001,"Sat",45,11
"2022-11-06","N17",71.8252000000001,89.35912112,"Sun",45,11
"2022-11-07","N17",70.7651999999995,84.7607806400001,"Mon",45,11
"2022-11-08","N17",58.2276000000005,84.6821361200001,"Tue",45,11
"2022-11-09","N17",86.3831999999995,86.2810851200001,"Wed",45,11
"2022-11-10","N17",123.3834,87.48159962,"Thu",45,11
"2022-11-11","N17",70.2809999999998,89.6888598800001,"Fri",45,11
"2022-11-12","N17",61.5452000000005,88.3182646400001,"Sat",46,11
"2022-11-13","N17",91.8825999999994,86.5487609600001,"Sun",46,11
"2022-11-14","N17",84.7786,86.17259354,"Mon",46,11
"2022-11-15","N17",74.4824000000001,85.48942766,"Tue",46,11
"2022-11-16","N17",62.4936000000001,84.45804638,"Wed",46,11
"2022-11-17","N17",71.6076000000001,86.39005046,"Thu",46,11
"2022-11-18","N17",104.017,83.88479354,"Fri",46,11
"2022-11-19","N17",64.8100000000006,83.8914261800001,"Sat",47,11
"2022-11-20","N17",105.9104,86.7984339200001,"Sun",47,11
"2022-11-21","N17",149.2492,86.74300364,"Mon",47,11
"2022-11-22","N17",80.9663999999997,85.02419282,"Tue",47,11
"2022-11-23","N17",52.8131999999998,85.09952102,"Wed",47,11
"2022-11-24","N17",94.1894,83.8132554200001,"Thu",47,11
"2022-11-25","N17",66.073000000001,82.8159850400001,"Fri",47,11
"2022-11-26","N17",98.3687999999995,84.0060768200001,"Sat",48,11
"2022-11-27","N17",58.4542000000001,82.17877424,"Sun",48,11
"2022-11-28","N17",96.7959999999992,84.07287734,"Mon",48,11
"2022-11-29","N17",57.8722000000009,85.2160667,"Tue",48,11
"2022-11-30","N17",57.0205999999991,85.4363663600001,"Wed",48,11
"2022-12-01","N17",146.922200000001,83.7599869400001,"Thu",48,12
"2022-12-02","N17",46.4743999999991,80.6079209000001,"Fri",48,12
"2022-12-03","N17",113.909400000001,82.22878634,"Sat",49,12
"2022-12-04","N17",72.2225999999995,82.57273178,"Sun",49,12
"2022-12-05","N17",83.3635999999999,81.0870533600001,"Mon",49,12
"2022-12-06","N17",51.4453999999998,81.6871184600001,"Tue",49,12
"2022-12-07","N17",71.1096000000005,83.42937626,"Wed",49,12
"2022-12-08","N17",100.4882,82.7001017600001,"Thu",49,12
"2022-12-09","N17",87.9778000000006,82.75206146,"Fri",49,12
"2022-12-10","N17",63.8667999999991,83.4942110000001,"Sat",50,12
"2022-12-11","N17",70.7758000000002,82.34282174,"Sun",50,12
"2022-12-12","N17",68.1505999999994,82.1087733200001,"Mon",50,12
"2022-12-13","N17",127.6338,81.67240418,"Tue",50,12
"2022-12-14","N17",67.947600000001,82.1437196000001,"Wed",50,12
"2022-12-15","N17",70.3097999999998,80.93715206,"Thu",50,12
"2022-12-16","N17",80.7823999999993,80.2832880200001,"Fri",50,12
"2022-12-17","N17",63.7876000000004,82.17682664,"Sat",51,12
"2022-12-18","N17",55.0652000000002,81.2843160800001,"Sun",51,12
"2022-12-19","N17",85.6694000000003,80.13062768,"Mon",51,12
"2022-12-20","N17",58.1491999999998,79.66804892,"Tue",51,12
"2022-12-21","N17",40.0034,79.1268407600001,"Wed",51,12
"2022-12-22","N17",53.5923999999999,76.89533432,"Thu",51,12
"2022-12-23","N17",119.739,76.2741176000001,"Fri",51,12
"2022-12-24","N17",68.4974000000002,75.97523462,"Sat",52,12
"2022-12-25","N17",42.8255999999994,74.8298229800001,"Sun",52,12
"2022-12-26","N17",42.3936000000001,75.5420840600001,"Mon",52,12
"2022-12-27","N17",55.6423999999999,76.2842336,"Tue",52,12
"2022-12-28","N17",50.4611999999994,77.38504268,"Wed",52,12
"2022-12-29","N17",40.3204000000012,79.8740481200001,"Thu",52,12
"2022-12-30","N17",118.5398,78.2485845800001,"Fri",52,12
"2022-12-31","N17",93.4223999999987,75.82717256,"Sat",53,12
"2023-01-01","N17",82.5144,77.6736478400001,"Sun",1,1
"2023-01-02","N17",48.1772000000012,78.9742119200001,"Mon",1,1
"2023-01-03","N17",63.1363999999987,76.75992644,"Tue",1,1
"2023-01-04","N17",56.0946000000011,73.5042237800001,"Wed",1,1
"2023-01-05","N17",137.928599999999,72.11566778,"Thu",1,1
"2023-01-06","N17",52.7741999999998,74.5155948200001,"Fri",1,1
"2023-01-07","N17",67.0432000000001,76.79533784,"Sat",1,1
"2023-01-08","N17",68.0702000000005,76.72773416,"Sun",2,1
"2023-01-09","N17",53.0381999999998,76.4921948,"Mon",2,1
"2023-01-10","N17",58.4338000000003,76.94503142,"Tue",2,1
"2023-01-11","N17",73.6847999999998,77.90811422,"Wed",2,1
"2023-01-12","N17",94.4601999999999,73.2676112600001,"Thu",2,1
"2023-01-13","N17",57.9937999999995,70.9996721,"Fri",2,1
"2023-01-14","N17",62.6262000000002,69.9646935200001,"Sat",2,1
"2023-01-15","N17",41.8690000000002,68.8444055600001,"Sun",3,1
"2023-01-16","N17",62.2339999999997,71.61776204,"Mon",3,1
"2023-01-17","N17",84.4286000000007,73.5557313200001,"Tue",3,1
"2023-01-18","N17",131.128599999999,75.4947735800001,"Wed",3,1
"2023-01-19","N17",65.4766000000003,75.9116624,"Thu",3,1
"2023-01-20","N17",63.0770000000004,71.72453264,"Fri",3,1
"2023-01-21","N17",39.2822,71.46323942,"Sat",3,1
"2023-01-22","N17",57.4559999999998,70.26354428,"Sun",4,1
"2023-01-23","N17",127.1088,70.66970222,"Mon",4,1
"2023-01-24","N17",35.537999999999,68.9983914200001,"Tue",4,1
"2023-01-25","N17",86.6558000000005,68.72797724,"Wed",4,1
"2023-01-26","N17",46.7013999999995,71.25667304,"Thu",4,1
"2023-01-27","N17",68.9480000000011,71.05761806,"Fri",4,1
"2023-01-28","N17",72.4373999999996,74.51344868,"Sat",4,1
"2023-01-29","N17",36.5297999999995,73.35989546,"Sun",5,1
"2023-01-30","N17",95.6464000000007,75.73567838,"Mon",5,1
"2023-01-31","N17",134.231,76.4798543600001,"Tue",5,1
"2023-02-01","N17",93.9398000000001,77.5600286,"Wed",5,2
"2023-02-02","N17",56.4994000000006,78.5163497,"Thu",5,2
"2023-02-03","N17",123.892599999999,78.8349088400001,"Fri",5,2
"2023-02-04","N17",44.0945999999996,80.91937976,"Sat",5,2
"2023-02-05","N17",92.0480000000011,78.7190691200001,"Sun",6,2
"2023-02-06","N17",51.6421999999991,85.260794,"Mon",6,2
"2023-02-07","N17",75.4123999999996,82.1710918400001,"Tue",6,2
"2023-02-08","N17",78.2078000000008,82.21227944,"Wed",6,2
"2023-02-09","N17",99.4106,80.7868076,"Thu",6,2
"2023-02-10","N17",110.728199999999,79.4643044,"Fri",6,2
"2023-02-11","N17",123.7164,85.65786662,"Sat",6,2
"2023-02-12","N17",82.5728000000003,83.971112,"Sun",7,2
"2023-02-13","N17",72.6887999999992,82.48385912,"Mon",7,2
"2023-02-14","N17",81.1928000000014,83.4536948000001,"Tue",7,2
"2023-02-15","N17",117.045,83.7851250200001,"Wed",7,2
"2023-02-16","N17",50.5671999999991,86.8194813200001,"Thu",7,2
"2023-02-17","N17",76.4854000000007,91.6390562,"Fri",7,2
"2023-02-18","N17",103.066999999998,89.3685981200001,"Sat",7,2
"2023-02-19","N17",104.060400000002,87.9180278000001,"Sun",8,2
"2023-02-20","N17",141.125399999999,86.1759275000001,"Mon",8,2
"2023-02-21","N17",79.0394,87.99525428,"Tue",8,2
"2023-02-22","N17",65.5092000000004,80.3929526600001,"Wed",8,2
"2023-02-23","N17",116.441200000001,82.0925783600001,"Thu",8,2
"2023-02-24","N17",57.9927999999985,82.04817308,"Fri",8,2
"2023-02-25","N17",54.6078000000009,84.6809519,"Sat",8,2
"2023-02-26","N17",167.0106,86.1778581800001,"Sun",9,2
"2022-08-26","N18",88.895,83.7601743200001,"Fri",34,8
"2022-09-02","N18",83.022,85.46478872,"Fri",35,9
"2022-09-04","N18",51.5953333333334,84.5607808400001,"Sun",36,9
"2022-09-05","N18",30.3693333333333,84.4942082,"Mon",36,9
"2022-09-06","N18",31.222,85.89587486,"Tue",36,9
"2022-09-07","N18",114.908333333333,86.3240507600001,"Wed",36,9
"2022-09-09","N18",94.4683333333332,96.11134394,"Fri",36,9
"2022-09-10","N18",37.454,97.8378713600001,"Sat",37,9
"2022-09-11","N18",35.1550000000001,91.23334016,"Sun",37,9
"2022-09-13","N18",31.622,93.8147640800001,"Tue",37,9
"2022-09-14","N18",36.0393333333333,94.2160199,"Wed",37,9
"2022-09-15","N18",42.1469999999999,87.67951664,"Thu",37,9
"2022-09-16","N18",98.3160000000001,85.81111268,"Fri",37,9
"2022-09-18","N18",30.2006666666666,86.88828254,"Sun",38,9
"2022-09-19","N18",31.3013333333333,86.2774862000001,"Mon",38,9
"2022-09-23","N18",97.8643333333333,86.30731652,"Fri",38,9
"2022-09-25","N18",40.1316666666667,85.97590772,"Sun",39,9
"2022-09-29","N18",31.402,86.3633395400001,"Thu",39,9
"2022-09-30","N18",112.51,86.6310859400001,"Fri",39,9
"2022-10-02","N18",32.6033333333335,86.66792582,"Sun",40,10
"2022-10-04","N18",34.3613333333336,87.8389682,"Tue",40,10
"2022-10-05","N18",35.3613333333333,88.95105878,"Wed",40,10
"2022-10-07","N18",110.156666666667,94.42658066,"Fri",40,10
"2022-10-08","N18",37.3366666666667,99.4130027600001,"Sat",41,10
"2022-10-14","N18",112.069,92.2078952600001,"Fri",41,10
"2022-10-16","N18",34.2266666666665,93.79859432,"Sun",42,10
"2022-10-18","N18",34.0166666666667,90.25649114,"Tue",42,10
"2022-10-21","N18",110.739,92.6585267,"Fri",42,10
"2022-10-23","N18",32.3536666666666,93.20308124,"Sun",43,10
"2022-11-17","N18",34.1536666666664,86.39005046,"Thu",46,11
"2022-11-18","N18",54.4720000000001,83.88479354,"Fri",46,11
"2022-11-19","N18",68.7833333333334,83.8914261800001,"Sat",47,11
"2022-11-20","N18",30.0663333333335,86.7984339200001,"Sun",47,11
"2022-11-21","N18",33.7756666666664,86.74300364,"Mon",47,11
"2022-11-24","N18",106.427333333334,83.8132554200001,"Thu",47,11
"2022-11-25","N18",36.8363333333333,82.8159850400001,"Fri",47,11
"2022-11-26","N18",55.9169999999995,84.0060768200001,"Sat",48,11
"2022-11-27","N18",61.2823333333338,82.17877424,"Sun",48,11
"2022-11-29","N18",31.4013333333332,85.2160667,"Tue",48,11
"2022-12-02","N18",50.6060000000004,80.6079209000001,"Fri",48,12
"2022-12-03","N18",44.4039999999998,82.22878634,"Sat",49,12
"2022-12-05","N18",72.1356666666664,81.0870533600001,"Mon",49,12
"2022-12-09","N18",41.2589999999994,82.75206146,"Fri",49,12
"2022-12-11","N18",93.1803333333331,82.34282174,"Sun",50,12
"2022-12-16","N18",33.1930000000005,80.2832880200001,"Fri",50,12
"2022-12-17","N18",68.2609999999998,82.17682664,"Sat",51,12
"2022-12-18","N18",35.2690000000002,81.2843160800001,"Sun",51,12
"2022-12-24","N18",64.4980000000002,75.97523462,"Sat",52,12
"2022-12-29","N18",37.1060000000004,79.8740481200001,"Thu",52,12
"2022-12-31","N18",79.0813333333335,75.82717256,"Sat",53,12
"2023-01-01","N18",38.8709999999998,77.6736478400001,"Sun",1,1
"2023-01-06","N18",31.8386666666665,74.5155948200001,"Fri",1,1
"2023-01-07","N18",79.033,76.79533784,"Sat",1,1
"2023-01-13","N18",42.6980000000003,70.9996721,"Fri",2,1
"2023-01-14","N18",79.3863333333332,69.9646935200001,"Sat",2,1
"2023-01-21","N18",75.7493333333332,71.46323942,"Sat",3,1
"2023-01-29","N18",81.5750000000001,73.35989546,"Sun",5,1
"2023-02-03","N18",36.0606666666663,78.8349088400001,"Fri",5,2
"2023-02-05","N18",73.6873333333333,78.7190691200001,"Sun",6,2
"2023-02-10","N18",100.986666666666,79.4643044,"Fri",6,2
"2023-02-17","N18",35.4683333333336,91.6390562,"Fri",7,2
"2023-02-18","N18",100.483333333334,89.3685981200001,"Sat",7,2
"2023-02-27","N18",35.9373333333339,87.6586755200001,"Mon",9,2
"2023-03-03","N18",42.0663333333335,89.8169813600001,"Fri",9,3
"2023-03-04","N18",101.925333333333,90.4492158800001,"Sat",9,3
"2023-03-07","N18",32.1216666666672,90.2693966,"Tue",10,3
"2023-03-10","N18",51.6323333333336,93.27316226,"Fri",10,3
"2023-03-11","N18",78.0506666666661,91.81480082,"Sat",10,3
"2023-03-12","N18",35.7643333333338,89.4463971800001,"Sun",11,3
"2023-03-17","N18",40.7916666666667,87.16868474,"Fri",11,3
"2023-03-18","N18",39.7460000000004,88.39458392,"Sat",11,3
"2023-03-19","N18",80.6620000000003,86.5036137200001,"Sun",12,3
"2023-03-24","N18",48.524,81.48951932,"Fri",12,3
"2023-03-25","N18",59.8053333333337,82.87908026,"Sat",12,3
"2023-03-27","N18",35.741333333334,86.2179875600001,"Mon",13,3
"2023-03-30","N18",37.6080000000002,83.3789260400001,"Thu",13,3
"2023-03-31","N18",40.7899999999997,86.2258056800001,"Fri",13,3
"2023-04-01","N18",96.4080000000007,86.34992612,"Sat",13,4
"2023-04-02","N18",45.5529999999999,85.92570356,"Sun",14,4
"2023-04-03","N18",32.1889999999997,86.63803988,"Mon",14,4
"2023-04-07","N18",42.4266666666675,92.60845088,"Fri",14,4
"2023-04-08","N18",60.7116666666661,93.6749681600001,"Sat",14,4
"2023-04-10","N18",34.969000000001,86.77116824,"Mon",15,4
"2023-04-11","N18",34.0879999999997,87.61911656,"Tue",15,4
"2023-04-13","N18",31.2750000000002,94.27802,"Thu",15,4
"2023-04-14","N18",34.2166666666672,92.0878592000001,"Fri",15,4
"2023-04-15","N18",66.399,90.43915352,"Sat",15,4
"2023-04-17","N18",34.5203333333326,91.2592841,"Mon",16,4
"2023-04-21","N18",50.2520000000004,91.34522132,"Fri",16,4
"2023-04-22","N18",31.8600000000006,91.9125073400001,"Sat",16,4
"2023-04-24","N18",55.1829999999997,93.1568603,"Mon",17,4
"2023-04-26","N18",33.9713333333336,92.7192255800001,"Wed",17,4
"2023-04-27","N18",32.4576666666665,88.0160180000001,"Thu",17,4
"2023-04-28","N18",37.7313333333332,85.9639532,"Fri",17,4
"2023-04-29","N18",31.6059999999998,87.62458082,"Sat",17,4
"2023-05-01","N18",37.9663333333325,89.3144345,"Mon",18,5
"2023-05-06","N18",91.2159999999991,93.3529627400001,"Sat",18,5
"2023-05-07","N18",41.6396666666672,91.42145186,"Sun",19,5
"2023-05-12","N18",33.1479999999998,96.59608034,"Fri",19,5
"2023-05-13","N18",93.4396666666665,96.4581152,"Sat",19,5
"2023-05-14","N18",30.0306666666668,92.6443666400001,"Sun",20,5
"2023-05-15","N18",35.0186666666668,92.4763685,"Mon",20,5
"2023-05-18","N18",53.595,92.4622903400001,"Thu",20,5
"2023-05-19","N18",62.5,92.95126862,"Fri",20,5
"2023-05-22","N18",38.1913333333323,91.9296701600001,"Mon",21,5
"2022-09-03","N19",53.6516363636364,85.22468996,"Sat",36,9
"2022-09-04","N19",81.3904545454545,84.5607808400001,"Sun",36,9
"2022-09-05","N19",41.9808181818182,84.4942082,"Mon",36,9
"2022-09-06","N19",43.6978181818182,85.89587486,"Tue",36,9
"2022-09-07","N19",86.2707272727273,86.3240507600001,"Wed",36,9
"2022-09-09","N19",72.1939090909091,96.11134394,"Fri",36,9
"2022-09-10","N19",77.6274545454546,97.8378713600001,"Sat",37,9
"2022-09-11","N19",104.725909090909,91.23334016,"Sun",37,9
"2022-09-12","N19",91.7327272727272,92.3185131800001,"Mon",37,9
"2022-09-13","N19",58.0065454545455,93.8147640800001,"Tue",37,9
"2022-09-14","N19",73.5795454545455,94.2160199,"Wed",37,9
"2022-09-15","N19",102.402272727273,87.67951664,"Thu",37,9
"2022-09-16","N19",88.4740909090909,85.81111268,"Fri",37,9
"2022-09-17","N19",96.5282727272727,85.3665665,"Sat",38,9
"2022-09-18","N19",61.8619090909091,86.88828254,"Sun",38,9
"2022-09-19","N19",80.453,86.2774862000001,"Mon",38,9
"2022-09-20","N19",60.7331818181819,85.71470954,"Tue",38,9
"2022-09-21","N19",62.2605454545455,86.52486038,"Wed",38,9
"2022-09-22","N19",102.352636363636,86.70966368,"Thu",38,9
"2022-09-23","N19",79.2566363636361,86.30731652,"Fri",38,9
"2022-09-24","N19",44.9000000000001,85.29817478,"Sat",39,9
"2022-09-25","N19",48.8551818181817,85.97590772,"Sun",39,9
"2022-09-26","N19",70.6314545454545,85.55719028,"Mon",39,9
"2022-09-27","N19",87.5870000000002,86.7245788400001,"Tue",39,9
"2022-09-28","N19",106.688272727273,86.12178584,"Wed",39,9
"2022-09-29","N19",59.6910909090908,86.3633395400001,"Thu",39,9
"2022-09-30","N19",41.0962727272728,86.6310859400001,"Fri",39,9
"2022-10-01","N19",62.2309090909088,86.8317918800001,"Sat",40,10
"2022-10-02","N19",84.7747272727273,86.66792582,"Sun",40,10
"2022-10-03","N19",77.2965454545457,87.6041601800001,"Mon",40,10
"2022-10-04","N19",67.8369090909089,87.8389682,"Tue",40,10
"2022-10-05","N19",96.6527272727273,88.95105878,"Wed",40,10
"2022-10-08","N19",70.8506363636364,99.4130027600001,"Sat",41,10
"2022-10-09","N19",65.4389090909092,96.2790657800001,"Sun",41,10
"2022-10-10","N19",127.988181818182,94.93516472,"Mon",41,10
"2022-10-11","N19",61.3000909090908,94.8742145600001,"Tue",41,10
"2022-10-12","N19",72.1091818181819,93.39242648,"Wed",41,10
"2022-10-13","N19",56.6185454545458,91.6458548,"Thu",41,10
"2022-10-14","N19",59.1586363636359,92.2078952600001,"Fri",41,10
"2022-10-15","N19",61.3408181818185,93.5303136800001,"Sat",42,10
"2022-10-16","N19",70.1168181818178,93.79859432,"Sun",42,10
"2022-10-17","N19",106.998454545455,95.19745028,"Mon",42,10
"2022-10-18","N19",60.4251818181821,90.25649114,"Tue",42,10
"2022-10-19","N19",55.0394545454546,88.28860046,"Wed",42,10
"2022-10-20","N19",61.0375454545455,87.98834606,"Thu",42,10
"2022-10-21","N19",66.3782727272727,92.6585267,"Fri",42,10
"2022-10-22","N19",70.7673636363635,94.8312498200001,"Sat",43,10
"2022-10-23","N19",86.5412727272725,93.20308124,"Sun",43,10
"2022-10-24","N19",91.0007272727274,91.05333944,"Mon",43,10
"2022-10-25","N19",78.5736363636362,87.1715139800001,"Tue",43,10
"2022-10-26","N19",68.479,88.34505422,"Wed",43,10
"2022-10-27","N19",74.1030909090907,85.6877275400001,"Thu",43,10
"2022-10-28","N19",54.3893636363639,86.80831106,"Fri",43,10
"2022-10-29","N19",51.5096363636363,89.17337696,"Sat",44,10
"2022-10-30","N19",76.5974545454546,90.6136989800001,"Sun",44,10
"2022-10-31","N19",104.667818181818,89.7723870800001,"Mon",44,10
"2022-11-01","N19",67.7964545454544,88.7972387000001,"Tue",44,11
"2022-11-02","N19",74.1367272727273,89.3965483400001,"Wed",44,11
"2022-11-03","N19",50.0506363636364,88.74844106,"Thu",44,11
"2022-11-04","N19",68.4157272727276,89.14261154,"Fri",44,11
"2022-11-05","N19",73.194636363636,91.1016203000001,"Sat",45,11
"2022-11-06","N19",45.5425454545455,89.35912112,"Sun",45,11
"2022-11-07","N19",53.1356363636362,84.7607806400001,"Mon",45,11
"2022-11-08","N19",69.2514545454548,84.6821361200001,"Tue",45,11
"2022-11-09","N19",64.5292727272727,86.2810851200001,"Wed",45,11
"2022-11-10","N19",104.513363636363,87.48159962,"Thu",45,11
"2022-11-11","N19",98.406454545455,89.6888598800001,"Fri",45,11
"2022-11-12","N19",62.125363636363,88.3182646400001,"Sat",46,11
"2022-11-13","N19",101.294363636364,86.5487609600001,"Sun",46,11
"2022-11-14","N19",36.7286363636363,86.17259354,"Mon",46,11
"2022-11-17","N19",37.9883636363633,86.39005046,"Thu",46,11
"2022-11-18","N19",68.5488181818185,83.88479354,"Fri",46,11
"2022-11-19","N19",68.9439090909092,83.8914261800001,"Sat",47,11
"2022-11-20","N19",59.2646363636364,86.7984339200001,"Sun",47,11
"2022-11-21","N19",61.757909090909,86.74300364,"Mon",47,11
"2022-11-22","N19",154.662909090909,85.02419282,"Tue",47,11
"2022-11-23","N19",74.4693636363637,85.09952102,"Wed",47,11
"2022-11-24","N19",79.0181818181815,83.8132554200001,"Thu",47,11
"2022-11-25","N19",86.1097272727281,82.8159850400001,"Fri",47,11
"2022-11-26","N19",60.6974545454538,84.0060768200001,"Sat",48,11
"2022-11-27","N19",78.8085454545455,82.17877424,"Sun",48,11
"2022-11-28","N19",64.7867272727268,84.07287734,"Mon",48,11
"2022-11-29","N19",88.7178181818189,85.2160667,"Tue",48,11
"2022-11-30","N19",73.9106363636357,85.4363663600001,"Wed",48,11
"2022-12-01","N19",68.7162727272728,83.7599869400001,"Thu",48,12
"2022-12-02","N19",62.9903636363637,80.6079209000001,"Fri",48,12
"2022-12-03","N19",98.2300909090911,82.22878634,"Sat",49,12
"2022-12-04","N19",87.3981818181822,82.57273178,"Sun",49,12
"2022-12-05","N19",61.4126363636368,81.0870533600001,"Mon",49,12
"2022-12-06","N19",51.1221818181816,81.6871184600001,"Tue",49,12
"2022-12-08","N19",70.2519999999997,82.7001017600001,"Thu",49,12
"2022-12-09","N19",85.0105454545463,82.75206146,"Fri",49,12
"2022-12-10","N19",89.2694545454539,83.4942110000001,"Sat",50,12
"2022-12-11","N19",52.6678181818186,82.34282174,"Sun",50,12
"2022-12-12","N19",84.6020909090902,82.1087733200001,"Mon",50,12
"2022-12-13","N19",59.0274545454555,81.67240418,"Tue",50,12
"2022-12-14","N19",50.8819999999991,82.1437196000001,"Wed",50,12
"2022-12-15","N19",73.0042727272733,80.93715206,"Thu",50,12
"2022-12-16","N19",91.7624545454548,80.2832880200001,"Fri",50,12
"2022-12-17","N19",59.472272727272,82.17682664,"Sat",51,12
"2022-12-18","N19",118.318000000001,81.2843160800001,"Sun",51,12
"2022-12-19","N19",68.5702727272728,80.13062768,"Mon",51,12
"2022-12-20","N19",80.6323636363628,79.66804892,"Tue",51,12
"2022-12-21","N19",45.1785454545461,79.1268407600001,"Wed",51,12
"2022-12-22","N19",62.3219090909089,76.89533432,"Thu",51,12
"2022-12-23","N19",67.7440909090907,76.2741176000001,"Fri",51,12
"2022-12-24","N19",52.0166363636368,75.97523462,"Sat",52,12
"2022-12-25","N19",61.9624545454545,74.8298229800001,"Sun",52,12
"2022-12-26","N19",49.1990909090911,75.5420840600001,"Mon",52,12
"2022-12-27","N19",107.783727272727,76.2842336,"Tue",52,12
"2022-12-28","N19",53.9960909090904,77.38504268,"Wed",52,12
"2022-12-29","N19",73.3168181818182,79.8740481200001,"Thu",52,12
"2022-12-30","N19",55.5450909090908,78.2485845800001,"Fri",52,12
"2022-12-31","N19",57.3994545454546,75.82717256,"Sat",53,12
"2023-01-01","N19",52.3551818181824,77.6736478400001,"Sun",1,1
"2023-01-02","N19",64.5906363636366,78.9742119200001,"Mon",1,1
"2023-01-03","N19",50.642999999999,76.75992644,"Tue",1,1
"2023-01-04","N19",81.9067272727274,73.5042237800001,"Wed",1,1
"2023-01-05","N19",43.9949090909094,72.11566778,"Thu",1,1
"2023-01-06","N19",50.7015454545458,74.5155948200001,"Fri",1,1
"2023-01-07","N19",50.8322727272726,76.79533784,"Sat",1,1
"2023-01-08","N19",94.5187272727265,76.72773416,"Sun",2,1
"2023-01-09","N19",52.433727272728,76.4921948,"Mon",2,1
"2023-01-10","N19",70.8520000000003,76.94503142,"Tue",2,1
"2023-01-11","N19",55.6755454545452,77.90811422,"Wed",2,1
"2023-01-12","N19",38.8874545454548,73.2676112600001,"Thu",2,1
"2023-01-13","N19",52.5498181818177,70.9996721,"Fri",2,1
"2023-01-14","N19",81.837181818182,69.9646935200001,"Sat",2,1
"2023-01-15","N19",54.3919999999992,68.8444055600001,"Sun",3,1
"2023-01-16","N19",57.2112727272734,71.61776204,"Mon",3,1
"2023-01-17","N19",39.3096363636366,73.5557313200001,"Tue",3,1
"2023-01-18","N19",44.5161818181818,75.4947735800001,"Wed",3,1
"2023-01-19","N19",65.2928181818173,75.9116624,"Thu",3,1
"2023-01-20","N19",77.6213636363642,71.72453264,"Fri",3,1
"2023-01-21","N19",57.3149999999997,71.46323942,"Sat",3,1
"2023-01-22","N19",68.0695454545454,70.26354428,"Sun",4,1
"2023-01-23","N19",58.6400000000007,70.66970222,"Mon",4,1
"2023-01-25","N19",72.2430000000009,68.72797724,"Wed",4,1
"2023-01-26","N19",72.7619090909085,71.25667304,"Thu",4,1
"2023-01-27","N19",71.6755454545452,71.05761806,"Fri",4,1
"2023-01-28","N19",90.8840909090915,74.51344868,"Sat",4,1
"2023-01-29","N19",53.2796363636364,73.35989546,"Sun",5,1
"2023-01-30","N19",60.9305454545445,75.73567838,"Mon",5,1
"2023-01-31","N19",47.7387272727276,76.4798543600001,"Tue",5,1
"2023-02-01","N19",101.252545454546,77.5600286,"Wed",5,2
"2023-02-02","N19",73.3431818181813,78.5163497,"Thu",5,2
"2023-02-03","N19",71.2330909090908,78.8349088400001,"Fri",5,2
"2023-02-04","N19",54.6371818181823,80.91937976,"Sat",5,2
"2023-02-05","N19",84.9247272727278,78.7190691200001,"Sun",6,2
"2023-02-06","N19",82.5229999999997,85.260794,"Mon",6,2
"2023-02-07","N19",100.360545454545,82.1710918400001,"Tue",6,2
"2023-02-08","N19",96.9828181818183,82.21227944,"Wed",6,2
"2023-02-09","N19",72.6400909090907,80.7868076,"Thu",6,2
"2023-02-10","N19",91.7237272727269,79.4643044,"Fri",6,2
"2023-02-11","N19",101.202181818182,85.65786662,"Sat",6,2
"2023-02-12","N19",116.526363636363,83.971112,"Sun",7,2
"2023-02-13","N19",63.983181818182,82.48385912,"Mon",7,2
"2023-02-14","N19",45.6267272727273,83.4536948000001,"Tue",7,2
"2023-02-15","N19",105.968,83.7851250200001,"Wed",7,2
"2023-02-16","N19",75.5748181818185,86.8194813200001,"Thu",7,2
"2023-02-17","N19",64.9444545454555,91.6390562,"Fri",7,2
"2023-02-18","N19",55.1671818181798,89.3685981200001,"Sat",7,2
"2023-02-19","N19",94.5728181818188,87.9180278000001,"Sun",8,2
"2023-02-20","N19",74.4478181818188,86.1759275000001,"Mon",8,2
"2023-02-21","N19",45.8846363636363,87.99525428,"Tue",8,2
"2023-02-22","N19",69.8552727272724,80.3929526600001,"Wed",8,2
"2023-02-23","N19",48.6603636363632,82.0925783600001,"Thu",8,2
"2023-02-24","N19",63.1605454545457,82.04817308,"Fri",8,2
"2023-02-25","N19",73.4100000000008,84.6809519,"Sat",8,2
"2023-02-26","N19",69.9428181818168,86.1778581800001,"Sun",9,2
"2023-02-27","N19",126.797181818182,87.6586755200001,"Mon",9,2
"2023-02-28","N19",95.1870000000001,87.41669936,"Tue",9,2
"2023-03-01","N19",82.2766363636368,87.33755858,"Wed",9,3
"2023-03-02","N19",112.958363636365,90.03745562,"Thu",9,3
"2023-03-03","N19",75.5656363636345,89.8169813600001,"Fri",9,3
"2023-03-04","N19",48.7419090909084,90.4492158800001,"Sat",9,3
"2023-03-05","N19",51.3269090909109,91.79603708,"Sun",10,3
"2023-03-06","N19",79.166545454545,90.8620187,"Mon",10,3
"2023-03-07","N19",107.000727272727,90.2693966,"Tue",10,3
"2023-03-08","N19",72.8902727272732,92.2489736,"Wed",10,3
"2023-03-09","N19",134.780272727271,92.45068394,"Thu",10,3
"2023-03-10","N19",96.9123636363656,93.27316226,"Fri",10,3
"2023-03-11","N19",71.3031818181811,91.81480082,"Sat",10,3
"2023-03-12","N19",75.1366363636361,89.4463971800001,"Sun",11,3
"2023-03-13","N19",104.850727272728,90.88078244,"Mon",11,3
"2023-03-14","N19",60.1281818181821,87.67113674,"Tue",11,3
"2023-03-15","N19",55.5669090909068,84.3833084000001,"Wed",11,3
"2023-03-16","N19",73.8164545454545,86.9643683600001,"Thu",11,3
"2023-03-17","N19",83.1191818181833,87.16868474,"Fri",11,3
"2023-03-18","N19",70.2438181818183,88.39458392,"Sat",11,3
"2023-03-19","N19",144.822909090909,86.5036137200001,"Sun",12,3
"2023-03-20","N19",89.371272727273,84.74294732,"Mon",12,3
"2023-03-21","N19",102.313727272727,83.8964931800001,"Tue",12,3
"2023-03-22","N19",77.2467272727279,83.9324570000001,"Wed",12,3
"2023-03-23","N19",84.727727272725,77.00393768,"Thu",12,3
"2023-03-24","N19",80.0070000000018,81.48951932,"Fri",12,3
"2023-03-25","N19",67.0344545454533,82.87908026,"Sat",12,3
"2023-03-26","N19",70.5104545454563,85.4762977400001,"Sun",13,3
"2023-03-27","N19",109.706272727273,86.2179875600001,"Mon",13,3
"2023-03-28","N19",73.0737272727261,84.3744479,"Tue",13,3
"2023-03-29","N19",72.1183636363633,85.0509856400001,"Wed",13,3
"2023-03-30","N19",70.9352727272728,83.3789260400001,"Thu",13,3
"2023-03-31","N19",79.2579090909091,86.2258056800001,"Fri",13,3
"2023-04-01","N19",48.825454545456,86.34992612,"Sat",13,4
"2023-04-02","N19",101.176727272726,85.92570356,"Sun",14,4
"2023-04-03","N19",65.0195454545451,86.63803988,"Mon",14,4
"2023-04-04","N19",43.3139999999998,86.52080732,"Tue",14,4
"2023-04-05","N19",38.7719090909099,88.9638126800001,"Wed",14,4
"2023-04-06","N19",37.1867272727276,89.41684676,"Thu",14,4
"2023-04-07","N19",84.2639999999982,92.60845088,"Fri",14,4
"2023-04-08","N19",58.5464545454544,93.6749681600001,"Sat",14,4
"2023-04-09","N19",162.225545454545,91.4132759,"Sun",15,4
"2023-04-10","N19",70.6642727272728,86.77116824,"Mon",15,4
"2023-04-11","N19",89.1668181818201,87.61911656,"Tue",15,4
"2023-04-12","N19",83.2106363636346,94.6764116600001,"Wed",15,4
"2023-04-13","N19",95.512090909091,94.27802,"Thu",15,4
"2023-04-14","N19",86.409000000001,92.0878592000001,"Fri",15,4
"2023-04-15","N19",78.5639090909099,90.43915352,"Sat",15,4
"2023-04-16","N19",119.563363636362,90.2156171,"Sun",16,4
"2023-04-17","N19",83.7865454545456,91.2592841,"Mon",16,4
"2023-04-18","N19",73.1269090909098,94.08627536,"Tue",16,4
"2023-04-19","N19",88.3819999999991,92.6223598400001,"Wed",16,4
"2023-04-20","N19",104.157545454546,93.7748145200001,"Thu",16,4
"2023-04-21","N19",160.973909090908,91.34522132,"Fri",16,4
"2023-04-22","N19",95.6717272727269,91.9125073400001,"Sat",16,4
"2023-04-23","N19",60.109090909092,95.91579734,"Sun",17,4
"2023-04-24","N19",78.2689090909103,93.1568603,"Mon",17,4
"2023-04-25","N19",69.7615454545435,91.87028366,"Tue",17,4
"2023-04-26","N19",88.6555454545464,92.7192255800001,"Wed",17,4
"2023-04-27","N19",60.3719090909078,88.0160180000001,"Thu",17,4
"2023-04-28","N19",85.0205454545477,85.9639532,"Fri",17,4
"2023-04-29","N19",76.9241818181816,87.62458082,"Sat",17,4
"2023-04-30","N19",103.160181818181,86.4631846400001,"Sun",18,4
"2023-05-01","N19",79.1562727272738,89.3144345,"Mon",18,5
"2023-05-02","N19",88.8549090909073,91.6757956400001,"Tue",18,5
"2023-05-03","N19",55.0727272727289,91.24735316,"Wed",18,5
"2023-05-04","N19",97.1820909090906,91.8686652800001,"Thu",18,5
"2023-05-05","N19",69.4759090909078,92.93906768,"Fri",18,5
"2023-05-06","N19",70.1671818181825,93.3529627400001,"Sat",18,5
"2023-05-07","N19",132.569363636364,91.42145186,"Sun",19,5
"2023-05-08","N19",61.4436363636368,94.9362760400001,"Mon",19,5
"2022-09-18","N20",43.2287777777778,86.88828254,"Sun",38,9
"2022-09-19","N20",94.979,86.2774862000001,"Mon",38,9
"2022-09-20","N20",66.9081111111111,85.71470954,"Tue",38,9
"2022-09-22","N20",80.0533333333333,86.70966368,"Thu",38,9
"2022-09-26","N20",88.0385555555555,85.55719028,"Mon",39,9
"2022-09-27","N20",75.2572222222223,86.7245788400001,"Tue",39,9
"2022-10-01","N20",63.8814444444445,86.8317918800001,"Sat",40,10
"2022-10-02","N20",82.8103333333333,86.66792582,"Sun",40,10
"2022-10-04","N20",82.4592222222222,87.8389682,"Tue",40,10
"2022-10-06","N20",63.6176666666668,89.23182908,"Thu",40,10
"2022-10-07","N20",57.5336666666666,94.42658066,"Fri",40,10
"2022-10-10","N20",40.1162222222223,94.93516472,"Mon",41,10
"2022-10-11","N20",54.8532222222222,94.8742145600001,"Tue",41,10
"2022-10-12","N20",68.4606666666667,93.39242648,"Wed",41,10
"2022-10-15","N20",61.9022222222221,93.5303136800001,"Sat",42,10
"2022-10-16","N20",56.091888888889,93.79859432,"Sun",42,10
"2022-10-17","N20",70.795111111111,95.19745028,"Mon",42,10
"2022-10-18","N20",64.0226666666668,90.25649114,"Tue",42,10
"2022-11-21","N20",84.9438888888892,86.74300364,"Mon",47,11
"2022-11-22","N20",59.2738888888889,85.02419282,"Tue",47,11
"2022-11-23","N20",126.009,85.09952102,"Wed",47,11
"2022-11-24","N20",71.987666666667,83.8132554200001,"Thu",47,11
"2022-11-25","N20",65.0503333333331,82.8159850400001,"Fri",47,11
"2022-11-27","N20",101.402666666667,82.17877424,"Sun",48,11
"2022-11-28","N20",107.793666666667,84.07287734,"Mon",48,11
"2022-11-30","N20",70.5138888888889,85.4363663600001,"Wed",48,11
"2022-12-01","N20",71.807111111111,83.7599869400001,"Thu",48,12
"2022-12-02","N20",83.3768888888889,80.6079209000001,"Fri",48,12
"2022-12-03","N20",68.4136666666669,82.22878634,"Sat",49,12
"2022-12-04","N20",62.2693333333332,82.57273178,"Sun",49,12
"2022-12-05","N20",72.1571111111112,81.0870533600001,"Mon",49,12
"2022-12-06","N20",89.5766666666665,81.6871184600001,"Tue",49,12
"2022-12-08","N20",104.282,82.7001017600001,"Thu",49,12
"2022-12-09","N20",144.133888888889,82.75206146,"Fri",49,12
"2022-12-11","N20",70.4529999999997,82.34282174,"Sun",50,12
"2022-12-12","N20",93.9103333333333,82.1087733200001,"Mon",50,12
"2022-12-13","N20",86.9432222222224,81.67240418,"Tue",50,12
"2022-12-14","N20",69.8074444444444,82.1437196000001,"Wed",50,12
"2022-12-16","N20",83.3982222222217,80.2832880200001,"Fri",50,12
"2022-12-17","N20",77.7918888888889,82.17682664,"Sat",51,12
"2022-12-18","N20",100.468777777778,81.2843160800001,"Sun",51,12
"2022-12-19","N20",78.2357777777773,80.13062768,"Mon",51,12
"2022-12-20","N20",102.308222222222,79.66804892,"Tue",51,12
"2022-12-21","N20",120.817777777778,79.1268407600001,"Wed",51,12
"2022-12-22","N20",74.3521111111113,76.89533432,"Thu",51,12
"2022-12-23","N20",84.4112222222223,76.2741176000001,"Fri",51,12
"2022-12-24","N20",97.1512222222219,75.97523462,"Sat",52,12
"2022-12-25","N20",118.669888888889,74.8298229800001,"Sun",52,12
"2022-12-26","N20",60.8895555555557,75.5420840600001,"Mon",52,12
"2022-12-27","N20",41.5381111111112,76.2842336,"Tue",52,12
"2022-12-28","N20",48.6715555555557,77.38504268,"Wed",52,12
"2022-12-29","N20",75.7782222222223,79.8740481200001,"Thu",52,12
"2022-12-30","N20",61.6466666666666,78.2485845800001,"Fri",52,12
"2022-12-31","N20",82.2478888888889,75.82717256,"Sat",53,12
"2023-01-01","N20",91.1487777777778,77.6736478400001,"Sun",1,1
"2023-01-02","N20",139.690444444444,78.9742119200001,"Mon",1,1
"2023-01-03","N20",95.9628888888886,76.75992644,"Tue",1,1
"2023-01-04","N20",91.0121111111107,73.5042237800001,"Wed",1,1
"2023-01-05","N20",104.37,72.11566778,"Thu",1,1
"2023-01-06","N20",73.7900000000001,74.5155948200001,"Fri",1,1
"2023-01-08","N20",95.8653333333334,76.72773416,"Sun",2,1
"2023-01-09","N20",134.856777777777,76.4921948,"Mon",2,1
"2023-01-20","N20",80.4008888888889,71.72453264,"Fri",3,1
"2023-01-21","N20",85.2077777777773,71.46323942,"Sat",3,1
"2023-01-22","N20",115.831111111111,70.26354428,"Sun",4,1
"2023-01-23","N20",104.778222222222,70.66970222,"Mon",4,1
"2023-01-24","N20",63.4345555555556,68.9983914200001,"Tue",4,1
"2023-01-25","N20",115.541222222222,68.72797724,"Wed",4,1
"2023-01-26","N20",99.480888888889,71.25667304,"Thu",4,1
"2023-01-27","N20",91.9839999999992,71.05761806,"Fri",4,1
"2023-01-28","N20",117.563333333334,74.51344868,"Sat",4,1
"2023-01-29","N20",93.984666666666,73.35989546,"Sun",5,1
"2023-01-30","N20",61.264111111112,75.73567838,"Mon",5,1
"2023-01-31","N20",74.7626666666668,76.4798543600001,"Tue",5,1
"2023-02-02","N20",55.4821111111119,78.5163497,"Thu",5,2
"2023-02-03","N20",57.0608888888884,78.8349088400001,"Fri",5,2
"2023-02-04","N20",75.8929999999996,80.91937976,"Sat",5,2
"2023-02-05","N20",76.7701111111124,78.7190691200001,"Sun",6,2
"2023-02-06","N20",87.6924444444432,85.260794,"Mon",6,2
"2023-02-07","N20",78.4115555555569,82.1710918400001,"Tue",6,2
"2023-02-08","N20",85.5567777777776,82.21227944,"Wed",6,2
"2023-02-09","N20",106.634666666667,80.7868076,"Thu",6,2
"2023-02-10","N20",113.227222222222,79.4643044,"Fri",6,2
"2023-02-11","N20",87.0824444444443,85.65786662,"Sat",6,2
"2023-02-12","N20",103.143444444444,83.971112,"Sun",7,2
"2023-02-13","N20",74.2540000000008,82.48385912,"Mon",7,2
"2023-02-14","N20",81.7454444444431,83.4536948000001,"Tue",7,2
"2023-02-15","N20",56.6560000000011,83.7851250200001,"Wed",7,2
"2023-02-16","N20",62.9425555555548,86.8194813200001,"Thu",7,2
"2023-02-17","N20",46.7538888888893,91.6390562,"Fri",7,2
"2023-02-18","N20",76.272777777778,89.3685981200001,"Sat",7,2
"2023-02-19","N20",114.195666666667,87.9180278000001,"Sun",8,2
"2023-02-20","N20",132.698222222222,86.1759275000001,"Mon",8,2
"2023-02-21","N20",99.6923333333333,87.99525428,"Tue",8,2
"2023-02-22","N20",93.6867777777774,80.3929526600001,"Wed",8,2
"2023-02-23","N20",105.185111111111,82.0925783600001,"Thu",8,2
"2023-02-24","N20",107.963444444445,82.04817308,"Fri",8,2
"2023-02-25","N20",72.2451111111117,84.6809519,"Sat",8,2
"2023-02-26","N20",70.3303333333331,86.1778581800001,"Sun",9,2
"2023-02-27","N20",109.085888888889,87.6586755200001,"Mon",9,2
"2023-02-28","N20",118.342222222222,87.41669936,"Tue",9,2
"2023-03-01","N20",89.3884444444444,87.33755858,"Wed",9,3
"2023-03-02","N20",76.3336666666663,90.03745562,"Thu",9,3
"2023-03-03","N20",93.6063333333328,89.8169813600001,"Fri",9,3
"2023-03-04","N20",126.604333333333,90.4492158800001,"Sat",9,3
"2023-03-05","N20",147.934444444445,91.79603708,"Sun",10,3
"2023-03-06","N20",113.348555555556,90.8620187,"Mon",10,3
"2023-03-07","N20",107.080777777778,90.2693966,"Tue",10,3
"2023-03-08","N20",100.214777777778,92.2489736,"Wed",10,3
"2022-09-19","N21",51.5394285714286,86.2774862000001,"Mon",38,9
"2022-09-20","N21",70.7697142857143,85.71470954,"Tue",38,9
"2022-09-26","N21",61.8538571428571,85.55719028,"Mon",39,9
"2022-09-28","N21",53.6264285714286,86.12178584,"Wed",39,9
"2022-09-29","N21",41.0047142857143,86.3633395400001,"Thu",39,9
"2022-10-12","N21",68.6518571428572,93.39242648,"Wed",41,10
"2022-10-13","N21",47.2521428571428,91.6458548,"Thu",41,10
"2022-10-14","N21",36.1464285714286,92.2078952600001,"Fri",41,10
"2022-10-24","N21",97.8538571428573,91.05333944,"Mon",43,10
"2022-10-26","N21",98.1501428571428,88.34505422,"Wed",43,10
"2022-10-28","N21",69.7215714285714,86.80831106,"Fri",43,10
"2022-10-29","N21",48.7582857142856,89.17337696,"Sat",44,10
"2022-10-31","N21",126.511571428572,89.7723870800001,"Mon",44,10
"2022-11-01","N21",101.043714285714,88.7972387000001,"Tue",44,11
"2022-11-02","N21",83.6742857142856,89.3965483400001,"Wed",44,11
"2022-11-03","N21",106.809857142857,88.74844106,"Thu",44,11
"2022-11-04","N21",86.6409999999999,89.14261154,"Fri",44,11
"2022-11-05","N21",82.273,91.1016203000001,"Sat",45,11
"2022-11-06","N21",59.6291428571429,89.35912112,"Sun",45,11
"2022-11-07","N21",73.1362857142857,84.7607806400001,"Mon",45,11
"2022-11-08","N21",66.8602857142858,84.6821361200001,"Tue",45,11
"2022-11-09","N21",50.6091428571427,86.2810851200001,"Wed",45,11
"2022-11-10","N21",62.2145714285715,87.48159962,"Thu",45,11
"2022-11-13","N21",63.9537142857142,86.5487609600001,"Sun",46,11
"2022-11-14","N21",63.600714285714,86.17259354,"Mon",46,11
"2022-11-15","N21",73.9954285714287,85.48942766,"Tue",46,11
"2022-11-16","N21",45.899857142857,84.45804638,"Wed",46,11
"2022-11-17","N21",58.5132857142858,86.39005046,"Thu",46,11
"2022-11-24","N21",59.166,83.8132554200001,"Thu",47,11
"2022-11-25","N21",58.011857142857,82.8159850400001,"Fri",47,11
"2022-12-31","N21",66.9581428571426,75.82717256,"Sat",53,12
"2023-01-03","N21",43.8267142857143,76.75992644,"Tue",1,1
"2023-01-04","N21",40.8654285714287,73.5042237800001,"Wed",1,1
"2023-01-05","N21",104.721,72.11566778,"Thu",1,1
"2023-01-06","N21",43.8727142857143,74.5155948200001,"Fri",1,1
"2023-01-07","N21",46.0917142857143,76.79533784,"Sat",1,1
"2023-01-08","N21",62.6054285714287,76.72773416,"Sun",2,1
"2023-01-22","N21",49.7132857142855,70.26354428,"Sun",4,1
"2023-01-23","N21",72.9084285714286,70.66970222,"Mon",4,1
"2023-01-24","N21",66.2229999999997,68.9983914200001,"Tue",4,1
"2023-01-25","N21",113.421142857143,68.72797724,"Wed",4,1
"2023-01-26","N21",65.3645714285714,71.25667304,"Thu",4,1
"2023-01-27","N21",47.7361428571432,71.05761806,"Fri",4,1
"2023-01-28","N21",63.1539999999997,74.51344868,"Sat",4,1
"2023-01-29","N21",70.0344285714288,73.35989546,"Sun",5,1
"2023-01-30","N21",33.572142857143,75.73567838,"Mon",5,1
"2023-01-31","N21",32.820857142857,76.4798543600001,"Tue",5,1
"2023-02-01","N21",54.2567142857141,77.5600286,"Wed",5,2
"2023-02-02","N21",85.8058571428571,78.5163497,"Thu",5,2
"2023-02-03","N21",57.6992857142863,78.8349088400001,"Fri",5,2
"2023-02-04","N21",49.5645714285711,80.91937976,"Sat",5,2
"2023-02-05","N21",42.2425714285709,78.7190691200001,"Sun",6,2
"2023-02-06","N21",111.838714285715,85.260794,"Mon",6,2
"2023-02-07","N21",65.9361428571429,82.1710918400001,"Tue",6,2
"2023-02-08","N21",70.7545714285713,82.21227944,"Wed",6,2
"2023-02-09","N21",63.6184285714283,80.7868076,"Thu",6,2
"2023-02-10","N21",58.3572857142852,79.4643044,"Fri",6,2
"2023-02-11","N21",65.5512857142863,85.65786662,"Sat",6,2
"2023-02-12","N21",49.8029999999999,83.971112,"Sun",7,2
"2023-02-13","N21",77.8715714285718,82.48385912,"Mon",7,2
"2023-02-14","N21",72.9588571428571,83.4536948000001,"Tue",7,2
"2023-02-15","N21",57.7967142857139,83.7851250200001,"Wed",7,2
"2023-02-16","N21",53.5775714285711,86.8194813200001,"Thu",7,2
"2023-02-17","N21",73.915428571429,91.6390562,"Fri",7,2
"2023-02-18","N21",88.7290000000004,89.3685981200001,"Sat",7,2
"2023-02-19","N21",57.4099999999993,87.9180278000001,"Sun",8,2
"2023-02-20","N21",61.3564285714289,86.1759275000001,"Mon",8,2
"2023-02-21","N21",52.908,87.99525428,"Tue",8,2
"2023-02-22","N21",80.7452857142853,80.3929526600001,"Wed",8,2
"2023-02-23","N21",68.5675714285722,82.0925783600001,"Thu",8,2
"2023-02-24","N21",117.034999999999,82.04817308,"Fri",8,2
"2023-02-25","N21",47.3645714285719,84.6809519,"Sat",8,2
"2023-02-26","N21",55.9967142857141,86.1778581800001,"Sun",9,2
"2023-02-27","N21",85.8178571428569,87.6586755200001,"Mon",9,2
"2023-02-28","N21",51.5362857142858,87.41669936,"Tue",9,2
"2023-03-01","N21",61.6717142857139,87.33755858,"Wed",9,3
"2023-03-02","N21",65.8717142857141,90.03745562,"Thu",9,3
"2023-03-03","N21",73.1878571428575,89.8169813600001,"Fri",9,3
"2023-03-04","N21",58.7864285714292,90.4492158800001,"Sat",9,3
"2023-03-06","N21",73.0607142857147,90.8620187,"Mon",10,3
"2023-03-07","N21",82.9414285714281,90.2693966,"Tue",10,3
"2023-03-08","N21",43.7754285714285,92.2489736,"Wed",10,3
"2023-03-09","N21",54.8294285714292,92.45068394,"Thu",10,3
"2023-03-10","N21",71.031142857143,93.27316226,"Fri",10,3
"2023-03-11","N21",78.5912857142851,91.81480082,"Sat",10,3
"2023-03-13","N21",58.7847142857146,90.88078244,"Mon",11,3
"2023-03-14","N21",74.7754285714285,87.67113674,"Tue",11,3
"2023-03-15","N21",62.6238571428569,84.3833084000001,"Wed",11,3
"2023-03-16","N21",68.1254285714292,86.9643683600001,"Thu",11,3
"2023-03-17","N21",40.5608571428571,87.16868474,"Fri",11,3
"2023-03-19","N21",32.9069999999992,86.5036137200001,"Sun",12,3
"2023-03-20","N21",44.2544285714289,84.74294732,"Mon",12,3
"2023-03-21","N21",69.9255714285713,83.8964931800001,"Tue",12,3
"2023-03-22","N21",107.618714285714,83.9324570000001,"Wed",12,3
"2023-03-23","N21",96.9917142857147,77.00393768,"Thu",12,3
"2023-03-24","N21",98.5711428571428,81.48951932,"Fri",12,3
"2023-03-25","N21",45.0398571428575,82.87908026,"Sat",12,3
"2023-04-20","N21",98.3498571428572,93.7748145200001,"Thu",16,4
"2022-10-24","N23",132.646,91.05333944,"Mon",43,10
"2022-10-25","N23",172.9765,87.1715139800001,"Tue",43,10
"2022-10-26","N23",162.844833333333,88.34505422,"Wed",43,10
"2022-10-27","N23",168.727,85.6877275400001,"Thu",43,10
"2022-10-28","N23",125.4975,86.80831106,"Fri",43,10
"2022-10-29","N23",92.3313333333334,89.17337696,"Sat",44,10
"2022-10-30","N23",231.062666666667,90.6136989800001,"Sun",44,10
"2022-10-31","N23",179.9845,89.7723870800001,"Mon",44,10
"2022-11-01","N23",219.632333333333,88.7972387000001,"Tue",44,11
"2022-11-02","N23",147.235166666667,89.3965483400001,"Wed",44,11
"2022-11-03","N23",247.713833333333,88.74844106,"Thu",44,11
"2022-11-04","N23",137.9695,89.14261154,"Fri",44,11
"2022-11-05","N23",182.121666666667,91.1016203000001,"Sat",45,11
"2022-11-06","N23",285.430166666667,89.35912112,"Sun",45,11
"2022-11-07","N23",132.7465,84.7607806400001,"Mon",45,11
"2022-11-08","N23",226.5765,84.6821361200001,"Tue",45,11
"2022-11-09","N23",164.343,86.2810851200001,"Wed",45,11
"2022-11-10","N23",178.418666666666,87.48159962,"Thu",45,11
"2022-11-11","N23",193.651,89.6888598800001,"Fri",45,11
"2022-11-12","N23",145.008,88.3182646400001,"Sat",46,11
"2022-11-13","N23",276.096333333334,86.5487609600001,"Sun",46,11
"2022-11-14","N23",156.8585,86.17259354,"Mon",46,11
"2022-11-15","N23",161.763166666666,85.48942766,"Tue",46,11
"2022-11-16","N23",177.113666666667,84.45804638,"Wed",46,11
"2022-11-17","N23",170.787666666666,86.39005046,"Thu",46,11
"2022-11-18","N23",179.458166666667,83.88479354,"Fri",46,11
"2022-11-19","N23",152.565166666667,83.8914261800001,"Sat",47,11
"2022-11-20","N23",218.242333333334,86.7984339200001,"Sun",47,11
"2022-11-21","N23",140.457666666667,86.74300364,"Mon",47,11
"2022-11-22","N23",162.347166666667,85.02419282,"Tue",47,11
"2022-11-23","N23",132.638333333333,85.09952102,"Wed",47,11
"2022-11-24","N23",152.065166666667,83.8132554200001,"Thu",47,11
"2022-11-25","N23",162.893666666666,82.8159850400001,"Fri",47,11
"2022-11-26","N23",128.4155,84.0060768200001,"Sat",48,11
"2022-11-27","N23",121.541166666667,82.17877424,"Sun",48,11
"2023-01-22","N23",85.9215000000004,70.26354428,"Sun",4,1
"2023-01-23","N23",127.709833333333,70.66970222,"Mon",4,1
"2023-01-24","N23",186.6855,68.9983914200001,"Tue",4,1
"2023-01-25","N23",194.377,68.72797724,"Wed",4,1
"2023-01-26","N23",148.7155,71.25667304,"Thu",4,1
"2023-01-27","N23",132.592166666667,71.05761806,"Fri",4,1
"2023-01-28","N23",97.4383333333329,74.51344868,"Sat",4,1
"2023-01-29","N23",215.359166666668,73.35989546,"Sun",5,1
"2023-01-30","N23",120.835333333333,75.73567838,"Mon",5,1
"2023-01-31","N23",127.405,76.4798543600001,"Tue",5,1
"2023-02-01","N23",187.808166666667,77.5600286,"Wed",5,2
"2023-02-02","N23",125.701833333334,78.5163497,"Thu",5,2
"2023-02-03","N23",141.010666666666,78.8349088400001,"Fri",5,2
"2023-02-04","N23",123.7695,80.91937976,"Sat",5,2
"2023-02-05","N23",213.023333333333,78.7190691200001,"Sun",6,2
"2023-02-06","N23",122.245,85.260794,"Mon",6,2
"2023-02-07","N23",130.047,82.1710918400001,"Tue",6,2
"2023-02-08","N23",287.706666666666,82.21227944,"Wed",6,2
"2023-02-09","N23",125.881166666667,80.7868076,"Thu",6,2
"2023-02-10","N23",142.239833333333,79.4643044,"Fri",6,2
"2023-02-11","N23",140.815166666667,85.65786662,"Sat",6,2
"2023-02-12","N23",293.042333333332,83.971112,"Sun",7,2
"2023-02-13","N23",126.536166666667,82.48385912,"Mon",7,2
"2023-02-14","N23",159.734333333333,83.4536948000001,"Tue",7,2
"2023-02-15","N23",167.506166666667,83.7851250200001,"Wed",7,2
"2023-02-16","N23",171.636166666667,86.8194813200001,"Thu",7,2
"2023-02-17","N23",77.1191666666661,91.6390562,"Fri",7,2
"2023-02-18","N23",133.255,89.3685981200001,"Sat",7,2
"2023-02-19","N23",198.166333333333,87.9180278000001,"Sun",8,2
"2023-02-20","N23",168.392,86.1759275000001,"Mon",8,2
"2023-02-21","N23",147.107166666667,87.99525428,"Tue",8,2
"2023-02-22","N23",168.434166666666,80.3929526600001,"Wed",8,2
"2023-02-23","N23",196.807000000001,82.0925783600001,"Thu",8,2
"2023-02-24","N23",161.855000000001,82.04817308,"Fri",8,2
"2023-02-25","N23",164.928166666665,84.6809519,"Sat",8,2
"2023-02-26","N23",197.608333333335,86.1778581800001,"Sun",9,2
"2023-02-27","N23",138.685999999999,87.6586755200001,"Mon",9,2
"2023-02-28","N23",160.052333333333,87.41669936,"Tue",9,2
"2023-03-01","N23",168.857500000001,87.33755858,"Wed",9,3
"2023-03-02","N23",214.083166666666,90.03745562,"Thu",9,3
"2023-03-03","N23",149.452166666667,89.8169813600001,"Fri",9,3
"2023-03-04","N23",147.528833333333,90.4492158800001,"Sat",9,3
"2023-03-05","N23",204.685,91.79603708,"Sun",10,3
"2023-03-06","N23",162.464333333335,90.8620187,"Mon",10,3
"2023-03-07","N23",206.279999999999,90.2693966,"Tue",10,3
"2023-03-08","N23",156.401,92.2489736,"Wed",10,3
"2023-03-09","N23",169.206833333332,92.45068394,"Thu",10,3
"2023-03-10","N23",169.193666666669,93.27316226,"Fri",10,3
"2023-03-11","N23",169.2165,91.81480082,"Sat",10,3
"2023-03-12","N23",258.966333333333,89.4463971800001,"Sun",11,3
"2023-03-13","N23",177.891166666668,90.88078244,"Mon",11,3
"2023-03-14","N23",204.073166666666,87.67113674,"Tue",11,3
"2023-03-15","N23",189.487166666666,84.3833084000001,"Wed",11,3
"2023-03-16","N23",188.500999999999,86.9643683600001,"Thu",11,3
"2023-03-17","N23",175.109333333334,87.16868474,"Fri",11,3
"2023-03-18","N23",183.618,88.39458392,"Sat",11,3
"2023-03-19","N23",80.8774999999999,86.5036137200001,"Sun",12,3
"2023-03-20","N23",113.816500000001,84.74294732,"Mon",12,3
"2023-03-21","N23",241.267333333334,83.8964931800001,"Tue",12,3
"2023-03-23","N23",196.145333333334,77.00393768,"Thu",12,3
"2023-03-24","N23",209.388166666666,81.48951932,"Fri",12,3
"2023-03-25","N23",147.859333333334,82.87908026,"Sat",12,3
"2023-04-20","N23",229.979333333332,93.7748145200001,"Thu",16,4
"2022-09-19","N24",86.1945,86.2774862000001,"Mon",38,9
"2022-09-24","N24",116.14875,85.29817478,"Sat",39,9
"2022-09-25","N24",121.5275,85.97590772,"Sun",39,9
"2022-09-26","N24",124.09125,85.55719028,"Mon",39,9
"2022-09-27","N24",194.3615,86.7245788400001,"Tue",39,9
"2022-09-28","N24",110.25,86.12178584,"Wed",39,9
"2022-09-29","N24",113.12325,86.3633395400001,"Thu",39,9
"2022-09-30","N24",133.041,86.6310859400001,"Fri",39,9
"2022-10-01","N24",59.8710000000001,86.8317918800001,"Sat",40,10
"2022-10-02","N24",71.78575,86.66792582,"Sun",40,10
"2022-10-03","N24",75.8710000000001,87.6041601800001,"Mon",40,10
"2022-10-04","N24",107.53725,87.8389682,"Tue",40,10
"2022-10-05","N24",136.3765,88.95105878,"Wed",40,10
"2022-10-06","N24",138.435,89.23182908,"Thu",40,10
"2022-10-07","N24",110.47625,94.42658066,"Fri",40,10
"2022-10-08","N24",167.12375,99.4130027600001,"Sat",41,10
"2022-10-09","N24",83.2027499999999,96.2790657800001,"Sun",41,10
"2022-10-10","N24",102.193,94.93516472,"Mon",41,10
"2022-10-11","N24",185.93375,94.8742145600001,"Tue",41,10
"2022-10-12","N24",119.93375,93.39242648,"Wed",41,10
"2022-10-13","N24",94.5650000000001,91.6458548,"Thu",41,10
"2022-10-14","N24",106.017,92.2078952600001,"Fri",41,10
"2022-10-23","N24",81.4205000000002,93.20308124,"Sun",43,10
"2022-10-24","N24",138.75825,91.05333944,"Mon",43,10
"2022-10-26","N24",238.48325,88.34505422,"Wed",43,10
"2022-11-03","N24",81.3580000000002,88.74844106,"Thu",44,11
"2022-11-07","N24",65.5030000000002,84.7607806400001,"Mon",45,11
"2022-11-08","N24",127.3585,84.6821361200001,"Tue",45,11
"2022-11-09","N24",78.9505000000004,86.2810851200001,"Wed",45,11
"2022-11-10","N24",74.6974999999993,87.48159962,"Thu",45,11
"2022-11-11","N24",124.82225,89.6888598800001,"Fri",45,11
"2022-11-12","N24",135.80575,88.3182646400001,"Sat",46,11
"2022-11-13","N24",97.4799999999995,86.5487609600001,"Sun",46,11
"2022-11-14","N24",130.38075,86.17259354,"Mon",46,11
"2022-11-15","N24",139.737,85.48942766,"Tue",46,11
"2022-11-16","N24",145.1605,84.45804638,"Wed",46,11
"2022-11-17","N24",167.1095,86.39005046,"Thu",46,11
"2022-11-18","N24",133.01075,83.88479354,"Fri",46,11
"2022-11-19","N24",98.8045000000002,83.8914261800001,"Sat",47,11
"2022-11-20","N24",42.8327499999996,86.7984339200001,"Sun",47,11
"2022-11-21","N24",96.70525,86.74300364,"Mon",47,11
"2022-11-22","N24",136.15175,85.02419282,"Tue",47,11
"2022-11-23","N24",132.709,85.09952102,"Wed",47,11
"2022-11-24","N24",132.75475,83.8132554200001,"Thu",47,11
"2022-11-25","N24",165.4845,82.8159850400001,"Fri",47,11
"2022-11-26","N24",97.7212499999996,84.0060768200001,"Sat",48,11
"2022-11-27","N24",73.3825000000006,82.17877424,"Sun",48,11
"2022-11-28","N24",134.486,84.07287734,"Mon",48,11
"2022-11-29","N24",152.25025,85.2160667,"Tue",48,11
"2022-12-31","N24",111.2325,75.82717256,"Sat",53,12
"2023-01-01","N24",52.9949999999999,77.6736478400001,"Sun",1,1
"2023-01-23","N24",100.274,70.66970222,"Mon",4,1
"2023-01-24","N24",114.125,68.9983914200001,"Tue",4,1
"2023-01-25","N24",119.794,68.72797724,"Wed",4,1
"2023-01-26","N24",120.45075,71.25667304,"Thu",4,1
"2023-01-27","N24",131.46975,71.05761806,"Fri",4,1
"2023-01-28","N24",167.10275,74.51344868,"Sat",4,1
"2023-01-29","N24",93.7894999999998,73.35989546,"Sun",5,1
"2023-01-30","N24",112.1245,75.73567838,"Mon",5,1
"2023-01-31","N24",98.7617500000006,76.4798543600001,"Tue",5,1
"2023-02-01","N24",105.74375,77.5600286,"Wed",5,2
"2023-02-02","N24",113.783,78.5163497,"Thu",5,2
"2023-02-03","N24",105.938999999999,78.8349088400001,"Fri",5,2
"2023-02-04","N24",176.178250000001,80.91937976,"Sat",5,2
"2023-02-05","N24",71.8597499999996,78.7190691200001,"Sun",6,2
"2023-02-06","N24",100.4365,85.260794,"Mon",6,2
"2023-02-07","N24",119.31675,82.1710918400001,"Tue",6,2
"2023-02-08","N24",222.617749999999,82.21227944,"Wed",6,2
"2023-02-09","N24",124.8045,80.7868076,"Thu",6,2
"2023-02-10","N24",83.161250000001,79.4643044,"Fri",6,2
"2023-02-11","N24",116.75275,85.65786662,"Sat",6,2
"2023-02-12","N24",58.3580000000002,83.971112,"Sun",7,2
"2023-02-13","N24",109.601999999999,82.48385912,"Mon",7,2
"2023-02-14","N24",113.832500000002,83.4536948000001,"Tue",7,2
"2023-02-15","N24",100.584000000001,83.7851250200001,"Wed",7,2
"2023-02-16","N24",89.1814999999988,86.8194813200001,"Thu",7,2
"2023-02-17","N24",171.32375,91.6390562,"Fri",7,2
"2023-02-18","N24",182.903249999999,89.3685981200001,"Sat",7,2
"2023-02-19","N24",54.4539999999997,87.9180278000001,"Sun",8,2
"2023-02-21","N24",89.941499999999,87.99525428,"Tue",8,2
"2023-02-22","N24",105.448249999999,80.3929526600001,"Wed",8,2
"2023-02-23","N24",67.4450000000015,82.0925783600001,"Thu",8,2
"2023-02-24","N24",105.462749999999,82.04817308,"Fri",8,2
"2023-02-25","N24",72.0357500000009,84.6809519,"Sat",8,2
"2023-02-26","N24",41.8069999999989,86.1778581800001,"Sun",9,2
"2023-02-27","N24",163.22975,87.6586755200001,"Mon",9,2
"2023-02-28","N24",72.4614999999994,87.41669936,"Tue",9,2
"2023-03-01","N24",81.8187500000004,87.33755858,"Wed",9,3
"2023-03-02","N24",101.606250000001,90.03745562,"Thu",9,3
"2023-03-03","N24",117.72525,89.8169813600001,"Fri",9,3
"2023-03-04","N24",93.8692499999998,90.4492158800001,"Sat",9,3
"2023-03-05","N24",81.8277500000004,91.79603708,"Sun",10,3
"2023-03-06","N24",81.2517499999994,90.8620187,"Mon",10,3
"2023-03-07","N24",131.126,90.2693966,"Tue",10,3
"2023-03-08","N24",59.0052500000002,92.2489736,"Wed",10,3
"2023-03-09","N24",69.3035,92.45068394,"Thu",10,3
"2023-03-10","N24",67.9567500000012,93.27316226,"Fri",10,3
"2023-03-11","N24",91.2774999999983,91.81480082,"Sat",10,3
"2023-03-12","N24",34.4985000000015,89.4463971800001,"Sun",11,3
"2023-03-13","N24",119.633249999999,90.88078244,"Mon",11,3
"2023-03-14","N24",75.8160000000007,87.67113674,"Tue",11,3
"2023-03-15","N24",83.687249999999,84.3833084000001,"Wed",11,3
"2023-03-16","N24",90.6170000000002,86.9643683600001,"Thu",11,3
"2023-03-17","N24",55.5084999999999,87.16868474,"Fri",11,3
"2023-03-18","N24",215.132750000001,88.39458392,"Sat",11,3
"2023-03-20","N24",46.94175,84.74294732,"Mon",12,3
"2023-03-21","N24",52.5995000000003,83.8964931800001,"Tue",12,3
"2023-03-24","N24",53.9104999999999,81.48951932,"Fri",12,3
"2023-03-25","N24",57.2379999999994,82.87908026,"Sat",12,3
"2023-03-26","N24",46.8862499999996,85.4762977400001,"Sun",13,3
"2022-09-25","N25",71.8386666666667,85.97590772,"Sun",39,9
"2022-09-26","N25",43.9015,85.55719028,"Mon",39,9
"2022-09-27","N25",52.824,86.7245788400001,"Tue",39,9
"2022-09-28","N25",28.6921666666667,86.12178584,"Wed",39,9
"2022-09-29","N25",37.1911666666667,86.3633395400001,"Thu",39,9
"2022-09-30","N25",70.9606666666667,86.6310859400001,"Fri",39,9
"2022-10-01","N25",22.6798333333334,86.8317918800001,"Sat",40,10
"2022-10-02","N25",32.6239999999999,86.66792582,"Sun",40,10
"2022-10-03","N25",39.7295000000001,87.6041601800001,"Mon",40,10
"2022-10-04","N25",35.4618333333333,87.8389682,"Tue",40,10
"2022-10-06","N25",49.5906666666666,89.23182908,"Thu",40,10
"2022-10-07","N25",56.2756666666667,94.42658066,"Fri",40,10
"2022-10-08","N25",36.5653333333333,99.4130027600001,"Sat",41,10
"2022-10-09","N25",76.3171666666666,96.2790657800001,"Sun",41,10
"2022-10-10","N25",57.5441666666667,94.93516472,"Mon",41,10
"2022-10-11","N25",59.2648333333333,94.8742145600001,"Tue",41,10
"2022-10-12","N25",64.2726666666667,93.39242648,"Wed",41,10
"2022-10-14","N25",52.9726666666667,92.2078952600001,"Fri",41,10
"2022-10-15","N25",33.3010000000001,93.5303136800001,"Sat",42,10
"2022-10-16","N25",57.4124999999999,93.79859432,"Sun",42,10
"2022-10-17","N25",57.7883333333334,95.19745028,"Mon",42,10
"2022-10-18","N25",39.9221666666666,90.25649114,"Tue",42,10
"2022-10-19","N25",52.2096666666668,88.28860046,"Wed",42,10
"2022-10-20","N25",43.6733333333333,87.98834606,"Thu",42,10
"2022-10-21","N25",54.8149999999999,92.6585267,"Fri",42,10
"2022-10-22","N25",47.7489999999999,94.8312498200001,"Sat",43,10
"2022-10-23","N25",63.6753333333333,93.20308124,"Sun",43,10
"2022-10-24","N25",33.5203333333335,91.05333944,"Mon",43,10
"2022-10-25","N25",67.3336666666667,87.1715139800001,"Tue",43,10
"2022-10-26","N25",43.0181666666664,88.34505422,"Wed",43,10
"2022-10-27","N25",48.8285000000002,85.6877275400001,"Thu",43,10
"2022-10-28","N25",34.9156666666665,86.80831106,"Fri",43,10
"2022-10-29","N25",45.3633333333334,89.17337696,"Sat",44,10
"2022-10-30","N25",91.3863333333335,90.6136989800001,"Sun",44,10
"2022-10-31","N25",43.3796666666664,89.7723870800001,"Mon",44,10
"2022-11-01","N25",46.5950000000003,88.7972387000001,"Tue",44,11
"2022-11-02","N25",52.7556666666666,89.3965483400001,"Wed",44,11
"2022-11-03","N25",40.2643333333332,88.74844106,"Thu",44,11
"2022-11-04","N25",45.7766666666666,89.14261154,"Fri",44,11
"2022-11-05","N25",28.4988333333334,91.1016203000001,"Sat",45,11
"2022-11-06","N25",45.6749999999999,89.35912112,"Sun",45,11
"2022-11-07","N25",68.3611666666669,84.7607806400001,"Mon",45,11
"2022-11-08","N25",40.6908333333331,84.6821361200001,"Tue",45,11
"2022-11-09","N25",39.8478333333336,86.2810851200001,"Wed",45,11
"2022-11-10","N25",32.0098333333332,87.48159962,"Thu",45,11
"2022-11-11","N25",58.4896666666667,89.6888598800001,"Fri",45,11
"2022-11-12","N25",24.6863333333334,88.3182646400001,"Sat",46,11
"2022-11-13","N25",97.6235,86.5487609600001,"Sun",46,11
"2022-11-14","N25",43.5099999999999,86.17259354,"Mon",46,11
"2022-11-15","N25",53.2486666666667,85.48942766,"Tue",46,11
"2022-11-16","N25",49.0768333333332,84.45804638,"Wed",46,11
"2022-12-07","N25",54.0628333333328,83.42937626,"Wed",49,12
"2022-12-08","N25",45.4236666666669,82.7001017600001,"Thu",49,12
"2023-01-20","N25",118.427166666667,71.72453264,"Fri",3,1
"2023-01-21","N25",52.3696666666668,71.46323942,"Sat",3,1
"2023-02-14","N25",54.7849999999999,83.4536948000001,"Tue",7,2
"2023-02-16","N25",60.0598333333328,86.8194813200001,"Thu",7,2
"2023-02-17","N25",113.807333333334,91.6390562,"Fri",7,2
"2023-02-18","N25",87.8888333333331,89.3685981200001,"Sat",7,2
"2023-02-19","N25",56.0818333333336,87.9180278000001,"Sun",8,2
"2023-02-20","N25",89.9066666666665,86.1759275000001,"Mon",8,2
"2023-02-21","N25",118.206833333334,87.99525428,"Tue",8,2
"2023-02-22","N25",53.5730000000003,80.3929526600001,"Wed",8,2
"2023-02-23","N25",70.7171666666666,82.0925783600001,"Thu",8,2
"2023-02-26","N25",108.259666666666,86.1778581800001,"Sun",9,2
"2023-02-27","N25",77.4770000000002,87.6586755200001,"Mon",9,2
"2023-02-28","N25",47.427166666667,87.41669936,"Tue",9,2
"2023-03-01","N25",113.886999999999,87.33755858,"Wed",9,3
"2023-04-01","N25",14.9283333333333,86.34992612,"Sat",13,4
"2023-04-02","N25",13.0413333333333,85.92570356,"Sun",14,4
"2023-04-03","N25",20.2401666666671,86.63803988,"Mon",14,4
"2023-04-04","N25",19.7019999999999,86.52080732,"Tue",14,4
"2023-04-05","N25",28.8028333333332,88.9638126800001,"Wed",14,4
"2023-04-06","N25",17.1126666666666,89.41684676,"Thu",14,4
"2023-04-07","N25",28.6648333333336,92.60845088,"Fri",14,4
"2023-04-08","N25",14.5888333333332,93.6749681600001,"Sat",14,4
"2023-04-09","N25",18.2959999999997,91.4132759,"Sun",15,4
"2023-04-10","N25",19.5380000000005,86.77116824,"Mon",15,4
"2023-04-11","N25",20.6373333333334,87.61911656,"Tue",15,4
"2023-04-12","N25",13.9973333333328,94.6764116600001,"Wed",15,4
"2023-04-13","N25",30.7088333333334,94.27802,"Thu",15,4
"2023-04-14","N25",29.5993333333336,92.0878592000001,"Fri",15,4
"2023-04-15","N25",17.245333333333,90.43915352,"Sat",15,4
"2023-04-16","N25",26.9071666666672,90.2156171,"Sun",16,4
"2023-04-17","N25",11.6376666666662,91.2592841,"Mon",16,4
"2023-04-18","N25",18.7708333333333,94.08627536,"Tue",16,4
"2023-04-19","N25",30.2115,92.6223598400001,"Wed",16,4
"2023-04-20","N25",20.0288333333337,93.7748145200001,"Thu",16,4
"2023-04-21","N25",41.9578333333332,91.34522132,"Fri",16,4
"2023-04-22","N25",23.0033333333328,91.9125073400001,"Sat",16,4
"2023-04-23","N25",20.9639999999999,95.91579734,"Sun",17,4
"2023-04-24","N25",12.0006666666668,93.1568603,"Mon",17,4
"2023-04-25","N25",12.1495000000007,91.87028366,"Tue",17,4
"2023-04-26","N25",11.9035000000003,92.7192255800001,"Wed",17,4
"2023-04-27","N25",15.3086666666689,88.0160180000001,"Thu",17,4
"2023-04-28","N25",28.6593333333294,85.9639532,"Fri",17,4
"2023-05-04","N25",11.6479999999998,91.8686652800001,"Thu",18,5
"2023-05-05","N25",27.4231666666674,92.93906768,"Fri",18,5
"2023-05-07","N25",23.1383333333336,91.42145186,"Sun",19,5
"2023-05-08","N25",19.8139999999997,94.9362760400001,"Mon",19,5
"2023-05-09","N25",23.4143333333341,93.34357736,"Tue",19,5
"2023-05-14","N25",13.9276666666677,92.6443666400001,"Sun",20,5
"2023-05-15","N25",14.1763333333329,92.4763685,"Mon",20,5
"2023-05-16","N25",15.595,92.42474882,"Tue",20,5
"2023-05-17","N25",16.6030000000004,91.8766427000001,"Wed",20,5
"2022-09-26","N26",14.0048,85.55719028,"Mon",39,9
"2022-09-27","N26",21.5684,86.7245788400001,"Tue",39,9
"2022-09-28","N26",28.3552,86.12178584,"Wed",39,9
"2022-09-29","N26",17.3402,86.3633395400001,"Thu",39,9
"2022-09-30","N26",22.1576,86.6310859400001,"Fri",39,9
"2022-10-01","N26",18.0992,86.8317918800001,"Sat",40,10
"2022-10-02","N26",18.7434,86.66792582,"Sun",40,10
"2022-10-03","N26",17.5416,87.6041601800001,"Mon",40,10
"2022-10-04","N26",19.0662,87.8389682,"Tue",40,10
"2022-10-05","N26",25.1332,88.95105878,"Wed",40,10
"2022-10-06","N26",14.1822,89.23182908,"Thu",40,10
"2022-10-08","N26",21.5286,99.4130027600001,"Sat",41,10
"2022-10-09","N26",29.5044,96.2790657800001,"Sun",41,10
"2022-10-10","N26",12.992,94.93516472,"Mon",41,10
"2022-10-11","N26",21.307,94.8742145600001,"Tue",41,10
"2022-10-12","N26",23.181,93.39242648,"Wed",41,10
"2022-10-13","N26",16.222,91.6458548,"Thu",41,10
"2022-10-14","N26",26.4154,92.2078952600001,"Fri",41,10
"2022-10-16","N26",40.6639999999999,93.79859432,"Sun",42,10
"2022-10-17","N26",12.1376,95.19745028,"Mon",42,10
"2022-10-18","N26",19.4814,90.25649114,"Tue",42,10
"2022-10-19","N26",29.6984,88.28860046,"Wed",42,10
"2022-10-20","N26",17.9705999999999,87.98834606,"Thu",42,10
"2022-10-21","N26",22.2178,92.6585267,"Fri",42,10
"2022-10-22","N26",13.021,94.8312498200001,"Sat",43,10
"2022-10-23","N26",37.7688,93.20308124,"Sun",43,10
"2022-10-24","N26",21.4794,91.05333944,"Mon",43,10
"2022-10-25","N26",14.1224,87.1715139800001,"Tue",43,10
"2022-10-26","N26",17.0788000000001,88.34505422,"Wed",43,10
"2022-10-27","N26",18.7386,85.6877275400001,"Thu",43,10
"2022-10-28","N26",26.088,86.80831106,"Fri",43,10
"2022-10-29","N26",16.4394,89.17337696,"Sat",44,10
"2022-10-30","N26",19.3558,90.6136989800001,"Sun",44,10
"2022-10-31","N26",23.0308,89.7723870800001,"Mon",44,10
"2022-11-01","N26",16.2294,88.7972387000001,"Tue",44,11
"2022-11-02","N26",23.3132000000001,89.3965483400001,"Wed",44,11
"2022-11-03","N26",43.9547999999999,88.74844106,"Thu",44,11
"2022-11-04","N26",23.3116,89.14261154,"Fri",44,11
"2022-11-05","N26",29.8862000000001,91.1016203000001,"Sat",45,11
"2022-11-06","N26",30.1358,89.35912112,"Sun",45,11
"2022-11-07","N26",12.1163999999999,84.7607806400001,"Mon",45,11
"2022-11-10","N26",11.0423999999999,87.48159962,"Thu",45,11
"2022-11-12","N26",26.1085999999999,88.3182646400001,"Sat",46,11
"2022-11-13","N26",13.6103999999999,86.5487609600001,"Sun",46,11
"2022-11-14","N26",33.3006000000001,86.17259354,"Mon",46,11
"2022-11-15","N26",21.3714,85.48942766,"Tue",46,11
"2022-11-16","N26",22.0188,84.45804638,"Wed",46,11
"2022-11-17","N26",20.1697999999998,86.39005046,"Thu",46,11
"2022-11-18","N26",24.7662,83.88479354,"Fri",46,11
"2022-11-19","N26",13.1,83.8914261800001,"Sat",47,11
"2022-11-21","N26",21.1722000000002,86.74300364,"Mon",47,11
"2022-11-22","N26",20.041,85.02419282,"Tue",47,11
"2022-11-23","N26",21.3611999999999,85.09952102,"Wed",47,11
"2022-11-24","N26",15.7748,83.8132554200001,"Thu",47,11
"2022-11-25","N26",23.5024000000001,82.8159850400001,"Fri",47,11
"2022-11-26","N26",22.6715999999998,84.0060768200001,"Sat",48,11
"2022-11-27","N26",11.8370000000001,82.17877424,"Sun",48,11
"2022-11-28","N26",17.0346,84.07287734,"Mon",48,11
"2022-11-29","N26",16.5742,85.2160667,"Tue",48,11
"2022-11-30","N26",24.3906000000001,85.4363663600001,"Wed",48,11
"2022-12-01","N26",42.0871999999999,83.7599869400001,"Thu",48,12
"2022-12-02","N26",25.7688,80.6079209000001,"Fri",48,12
"2022-12-03","N26",17.5572,82.22878634,"Sat",49,12
"2022-12-04","N26",17.5266,82.57273178,"Sun",49,12
"2022-12-05","N26",12.0344000000001,81.0870533600001,"Mon",49,12
"2022-12-06","N26",12.8701999999999,81.6871184600001,"Tue",49,12
"2022-12-07","N26",25.1951999999999,83.42937626,"Wed",49,12
"2022-12-08","N26",17.8506000000001,82.7001017600001,"Thu",49,12
"2022-12-09","N26",23.423,82.75206146,"Fri",49,12
"2022-12-10","N26",16.8098,83.4942110000001,"Sat",50,12
"2022-12-11","N26",56.6286,82.34282174,"Sun",50,12
"2022-12-12","N26",15.7653999999999,82.1087733200001,"Mon",50,12
"2022-12-13","N26",15.5258000000002,81.67240418,"Tue",50,12
"2022-12-14","N26",15.9475999999999,82.1437196000001,"Wed",50,12
"2022-12-15","N26",14.1166000000001,80.93715206,"Thu",50,12
"2022-12-16","N26",20.9380000000001,80.2832880200001,"Fri",50,12
"2022-12-17","N26",16.3377999999997,82.17682664,"Sat",51,12
"2022-12-18","N26",13.8022000000001,81.2843160800001,"Sun",51,12
"2022-12-20","N26",16.5534,79.66804892,"Tue",51,12
"2022-12-21","N26",22.6527999999998,79.1268407600001,"Wed",51,12
"2022-12-22","N26",12.6928,76.89533432,"Thu",51,12
"2022-12-23","N26",23.066,76.2741176000001,"Fri",51,12
"2022-12-24","N26",16.5386000000002,75.97523462,"Sat",52,12
"2022-12-25","N26",16.8413999999997,74.8298229800001,"Sun",52,12
"2022-12-26","N26",16.4406000000003,75.5420840600001,"Mon",52,12
"2022-12-27","N26",20.8733999999997,76.2842336,"Tue",52,12
"2022-12-28","N26",27.6076000000001,77.38504268,"Wed",52,12
"2022-12-29","N26",21.4709999999999,79.8740481200001,"Thu",52,12
"2022-12-30","N26",22.9728000000003,78.2485845800001,"Fri",52,12
"2022-12-31","N26",18.0077999999998,75.82717256,"Sat",53,12
"2023-01-01","N26",27.6982,77.6736478400001,"Sun",1,1
"2023-01-03","N26",13.6759999999998,76.75992644,"Tue",1,1
"2023-01-04","N26",19.8074000000001,73.5042237800001,"Wed",1,1
"2023-01-05","N26",39.8236000000001,72.11566778,"Thu",1,1
"2023-01-06","N26",21.0757999999998,74.5155948200001,"Fri",1,1
"2023-01-07","N26",12.1978000000003,76.79533784,"Sat",1,1
"2023-01-08","N26",26.6685999999998,76.72773416,"Sun",2,1
"2023-01-09","N26",14.0060000000001,76.4921948,"Mon",2,1
"2023-01-11","N26",18.0122000000003,77.90811422,"Wed",2,1
"2023-01-12","N26",15.6829999999998,73.2676112600001,"Thu",2,1
"2023-01-13","N26",25.7722000000001,70.9996721,"Fri",2,1
"2023-01-15","N26",33.5018,68.8444055600001,"Sun",3,1
"2023-01-17","N26",15.8866000000002,73.5557313200001,"Tue",3,1
"2023-01-18","N26",17.8392,75.4947735800001,"Wed",3,1
"2023-01-19","N26",13.6007999999998,75.9116624,"Thu",3,1
"2023-01-20","N26",28.5812000000002,71.72453264,"Fri",3,1
"2023-01-21","N26",20.5901999999998,71.46323942,"Sat",3,1
"2023-01-22","N26",43.5830000000002,70.26354428,"Sun",4,1
"2023-01-24","N26",17.9074000000001,68.9983914200001,"Tue",4,1
"2023-01-25","N26",17.7907999999999,68.72797724,"Wed",4,1
"2023-01-26","N26",21.4592000000001,71.25667304,"Thu",4,1
"2023-01-27","N26",35.8899999999998,71.05761806,"Fri",4,1
"2023-01-28","N26",12.8088,74.51344868,"Sat",4,1
"2023-01-29","N26",23.8684000000001,73.35989546,"Sun",5,1
"2023-01-30","N26",12.6547999999999,75.73567838,"Mon",5,1
"2023-01-31","N26",10.8064000000002,76.4798543600001,"Tue",5,1
"2023-02-01","N26",29.2342000000001,77.5600286,"Wed",5,2
"2023-02-02","N26",15.7451999999997,78.5163497,"Thu",5,2
"2023-02-03","N26",24.9866000000002,78.8349088400001,"Fri",5,2
"2023-02-04","N26",39.1887999999999,80.91937976,"Sat",5,2
"2023-02-05","N26",49.4330000000002,78.7190691200001,"Sun",6,2
"2023-02-06","N26",14.8057999999997,85.260794,"Mon",6,2
"2023-02-07","N26",13.6254000000001,82.1710918400001,"Tue",6,2
"2023-02-08","N26",15.2196,82.21227944,"Wed",6,2
"2023-02-09","N26",18.8374,80.7868076,"Thu",6,2
"2023-02-10","N26",25.2732,79.4643044,"Fri",6,2
"2023-02-11","N26",12.5443999999999,85.65786662,"Sat",6,2
"2023-02-12","N26",21.4108,83.971112,"Sun",7,2
"2023-02-13","N26",12.6830000000002,82.48385912,"Mon",7,2
"2023-02-14","N26",20.5371999999999,83.4536948000001,"Tue",7,2
"2023-02-15","N26",21.7835999999999,83.7851250200001,"Wed",7,2
"2023-02-16","N26",18.5944,86.8194813200001,"Thu",7,2
"2023-02-17","N26",32.1382000000001,91.6390562,"Fri",7,2
"2023-02-18","N26",52.0362000000001,89.3685981200001,"Sat",7,2
"2023-02-19","N26",13.3302,87.9180278000001,"Sun",8,2
"2023-02-20","N26",18.9969999999998,86.1759275000001,"Mon",8,2
"2023-02-21","N26",12.1302000000003,87.99525428,"Tue",8,2
"2023-02-22","N26",27.5675999999999,80.3929526600001,"Wed",8,2
"2023-02-23","N26",15.5101999999999,82.0925783600001,"Thu",8,2
"2023-02-24","N26",19.7502,82.04817308,"Fri",8,2
"2023-02-25","N26",12.8817999999999,84.6809519,"Sat",8,2
"2023-02-26","N26",25.0892,86.1778581800001,"Sun",9,2
"2023-02-27","N26",12.2144,87.6586755200001,"Mon",9,2
"2023-02-28","N26",20.7371999999999,87.41669936,"Tue",9,2
"2023-03-01","N26",19.0988000000001,87.33755858,"Wed",9,3
"2023-03-02","N26",19.2488000000001,90.03745562,"Thu",9,3
"2023-03-03","N26",28.6957999999999,89.8169813600001,"Fri",9,3
"2023-03-04","N26",23.0025999999998,90.4492158800001,"Sat",9,3
"2023-03-05","N26",37.118,91.79603708,"Sun",10,3
"2023-03-06","N26",14.0464,90.8620187,"Mon",10,3
"2023-03-07","N26",31.4525999999998,90.2693966,"Tue",10,3
"2023-03-08","N26",15.6952000000005,92.2489736,"Wed",10,3
"2023-03-09","N26",21.5957999999999,92.45068394,"Thu",10,3
"2023-03-10","N26",23.3752,93.27316226,"Fri",10,3
"2023-03-11","N26",25.6449999999997,91.81480082,"Sat",10,3
"2023-03-12","N26",25.1064000000006,89.4463971800001,"Sun",11,3
"2023-03-13","N26",28.6106,90.88078244,"Mon",11,3
"2023-03-14","N26",16.6998,87.67113674,"Tue",11,3
"2023-03-15","N26",18.0392,84.3833084000001,"Wed",11,3
"2023-03-16","N26",14.9220000000001,86.9643683600001,"Thu",11,3
"2023-03-17","N26",29.3285999999993,87.16868474,"Fri",11,3
"2023-03-18","N26",20.3602000000006,88.39458392,"Sat",11,3
"2023-03-19","N26",28.8743999999999,86.5036137200001,"Sun",12,3
"2023-03-20","N26",14.1400000000001,84.74294732,"Mon",12,3
"2023-03-21","N26",21.5928,83.8964931800001,"Tue",12,3
"2023-03-22","N26",22.9689999999995,83.9324570000001,"Wed",12,3
"2023-03-23","N26",23.4420000000006,77.00393768,"Thu",12,3
"2023-03-24","N26",55.9081999999995,81.48951932,"Fri",12,3
"2023-03-25","N26",23.2606,82.87908026,"Sat",12,3
"2023-03-26","N26",26.8206000000006,85.4762977400001,"Sun",13,3
"2023-03-27","N26",19.6271999999997,86.2179875600001,"Mon",13,3
"2023-03-28","N26",29.0650000000001,84.3744479,"Tue",13,3
"2023-03-29","N26",26.0076000000001,85.0509856400001,"Wed",13,3
"2023-03-30","N26",21.6178,83.3789260400001,"Thu",13,3
"2023-03-31","N26",31.9885999999999,86.2258056800001,"Fri",13,3
"2023-04-01","N26",14.8873999999996,86.34992612,"Sat",13,4
"2023-04-03","N26",28.3226000000002,86.63803988,"Mon",14,4
"2023-04-04","N26",23.0752,86.52080732,"Tue",14,4
"2023-04-05","N26",22.0519999999997,88.9638126800001,"Wed",14,4
"2023-04-06","N26",18.8126000000004,89.41684676,"Thu",14,4
"2023-04-07","N26",32.9829999999994,92.60845088,"Fri",14,4
"2023-04-08","N26",21.3457999999999,93.6749681600001,"Sat",14,4
"2023-04-09","N26",17.7420000000006,91.4132759,"Sun",15,4
"2023-04-10","N26",18.9737999999998,86.77116824,"Mon",15,4
"2023-04-11","N26",18.4974000000002,87.61911656,"Tue",15,4
"2023-04-12","N26",20.4477999999995,94.6764116600001,"Wed",15,4
"2023-04-13","N26",20.1122000000003,94.27802,"Thu",15,4
"2023-04-14","N26",35.2311999999998,92.0878592000001,"Fri",15,4
"2023-04-15","N26",30.8300000000003,90.43915352,"Sat",15,4
"2023-04-16","N26",46.8479999999996,90.2156171,"Sun",16,4
"2023-04-17","N26",31.6496000000006,91.2592841,"Mon",16,4
"2023-04-18","N26",21.9,94.08627536,"Tue",16,4
"2023-04-19","N26",30.1233999999997,92.6223598400001,"Wed",16,4
"2023-04-20","N26",26.9089999999997,93.7748145200001,"Thu",16,4
"2023-04-21","N26",21.3442000000003,91.34522132,"Fri",16,4
"2023-04-22","N26",29.8593999999997,91.9125073400001,"Sat",16,4
"2023-04-23","N26",13.4348000000005,95.91579734,"Sun",17,4
"2023-04-24","N26",14.6790000000001,93.1568603,"Mon",17,4
"2023-04-25","N26",27.4723999999995,91.87028366,"Tue",17,4
"2023-04-26","N26",37.2358,92.7192255800001,"Wed",17,4
"2023-04-27","N26",52.8574000000001,88.0160180000001,"Thu",17,4
"2023-04-28","N26",39.6425999999999,85.9639532,"Fri",17,4
"2023-04-29","N26",10.4130000000005,87.62458082,"Sat",17,4
"2023-05-13","N26",11.2909999999996,96.4581152,"Sat",19,5
"2023-05-19","N26",10.8748,92.95126862,"Fri",20,5
"2023-05-21","N26",13.9338000000003,92.11550072,"Sun",21,5
